ft_theta_pli_mean,ft_theta_pli_std,ft_theta_pli_max,ft_theta_pli_min,ft_theta_connectivity_strength,ft_theta_network_density,ft_theta_clustering_coefficient,ft_theta_path_length,ft_theta_global_efficiency,ft_theta_modularity,delta_pli_mean,delta_pli_std,delta_connectivity_strength,delta_clustering_coefficient,delta_path_length,delta_global_efficiency,delta_modularity,theta_pli_mean,theta_pli_std,theta_connectivity_strength,theta_clustering_coefficient,theta_path_length,theta_global_efficiency,theta_modularity,alpha_pli_mean,alpha_pli_std,alpha_connectivity_strength,alpha_clustering_coefficient,alpha_path_length,alpha_global_efficiency,alpha_modularity,beta_pli_mean,beta_pli_std,beta_connectivity_strength,beta_clustering_coefficient,beta_path_length,beta_global_efficiency,beta_modularity,gamma_pli_mean,gamma_pli_std,gamma_connectivity_strength,gamma_clustering_coefficient,gamma_path_length,gamma_global_efficiency,gamma_modularity,whole_brain_pli_mean,whole_brain_pli_std,whole_brain_pli_max,whole_brain_connectivity_strength,whole_brain_clustering_coefficient,whole_brain_path_length,whole_brain_global_efficiency,whole_brain_modularity,delta_power_mean,delta_power_std,theta_power_mean,theta_power_std,alpha_power_mean,alpha_power_std,beta_power_mean,beta_power_std,gamma_power_mean,gamma_power_std
0.04463559128934604,0.0345135877184397,0.1372025650206699,0.0015950001627551187,1.2497965561016893,0.07142857142857142,0.0,2.0,0.4613095238095237,0.21428571428571427,0.04292297913822021,0.030740429383438326,8.15536603626184,0.32833333333333325,2.036842105263158,0.5780701754385972,0.2695789950203712,0.050117440667193196,0.038890460346486716,9.522313726766708,0.31142857142857144,2.0,0.5346491228070182,0.2478497057492078,0.09243257226755572,0.060454491637552586,17.562188730835587,0.38255050505050503,1.9824561403508771,0.535964912280702,0.2514712539610684,0.03436651424792573,0.026189920106534016,6.529637707105889,0.39376984126984127,1.9298245614035088,0.5412280701754393,0.23180529300567104,0.03659643069458745,0.03144869722704059,6.953321831971615,0.38363636363636366,2.094736842105263,0.5714912280701758,0.2383431416930738,0.03101084634374909,0.026014484423248663,0.15185052569903323,5.892060805312327,0.2757936507936508,1.8366013071895424,0.5070175438596491,0.19511090991398825,2.0010837585460126e-09,9.215536038609367e-09,3.4645053194238444e-10,1.8919636365219175e-09,9.775698591727524e-11,4.6303561130790445e-10,1.6957918033889883e-11,7.213925062307041e-11,5.4374528622933685e-12,1.8044061127880993e-11
0.045769064437076554,0.037267510480828575,0.14924644380065752,0.004459490250968393,1.2815338042381434,0.10714285714285714,0.47916666666666663,1.3,0.30357142857142855,0.03061224489795919,0.050175689867551596,0.04026139535567538,9.533381074834804,0.2943578643578644,1.9064327485380117,0.5469298245614035,0.19443186962426437,0.04698500425733126,0.03472084629412284,8.92715080889294,0.20777777777777776,1.95906432748538,0.5399122807017546,0.24332277048438206,0.11861061951451006,0.07275669634293574,22.536017707756912,0.3427056277056277,1.976608187134503,0.5377192982456143,0.24151199637845178,0.03938553946468985,0.03101464176430898,7.483252498291072,0.3681593406593407,2.1052631578947367,0.5727192982456143,0.22793119058397468,0.02460805997611783,0.02214111533457914,4.675531395462388,0.40690476190476177,2.0052631578947366,0.5815789473684215,0.2550928021729289,0.06153034355035728,0.05244033440877594,0.2536050258780639,11.690765274567884,0.45841658341658337,1.8421052631578947,0.5561403508771932,0.2270258035310095,2.2614727855140745e-09,7.1467536179608864e-09,2.402752329022464e-10,6.443040413548618e-10,6.69542282236985e-11,1.7388257415305946e-10,1.4386037526055503e-11,4.0861247250509766e-11,4.449841979949503e-12,1.138845593904104e-11
0.030069008170306954,0.025207980526268905,0.12633052309495132,0.0006184694508642297,0.8419322287685947,0.03571428571428571,0.1875,1.7333333333333334,0.3988095238095237,0.326530612244898,0.05740698544969238,0.041737418602220654,10.907327235441553,0.2655555555555556,1.8235294117647058,0.5087719298245613,0.1939791760977818,0.0741195376384061,0.05906395630938132,14.082712151297159,0.3059848484848485,2.1157894736842104,0.5694736842105262,0.19465821638750566,0.15075955244055583,0.1354398782974987,28.644314963705607,0.4966071428571429,1.7516339869281046,0.5184210526315788,0.19035762788592123,0.05797628572260703,0.08422856385630367,11.015494287295336,0.4066911764705883,1.8421052631578947,0.6087719298245615,0.21684019918515166,0.031389294824901194,0.03294341390438596,5.963966016731227,0.39266233766233766,1.9532163742690059,0.541666666666667,0.20144861928474422,0.051868857065028376,0.04383867754208612,0.2206633898636112,9.855082842355392,0.1986111111111111,1.9684210526315788,0.5877192982456143,0.2385694884563151,1.3259698535472384e-11,3.2532365125614024e-11,3.6375068587932822e-12,2.8761747252913265e-12,4.42347033557861e-12,4.4114819228123246e-12,7.809779853137821e-13,5.411143793647864e-13,2.409369675501379e-13,2.397220042087618e-13
0.04711760684873539,0.033585330696073105,0.12984603365775854,0.0009439796881611927,1.3192929917645908,0.10714285714285714,0.0,1.6666666666666667,0.38095238095238093,0.12244897959183669,0.05270884479843207,0.03706708563699174,10.014680511702093,0.28261904761904766,2.031578947368421,0.5793859649122812,0.2521502942507922,0.04318441525512293,0.03176099948532322,8.205038898473356,0.23484126984126985,1.8366013071895424,0.5074561403508773,0.19126301493888637,0.07979403768037979,0.045967010117052114,15.16086715927216,0.30940476190476185,1.9649122807017543,0.5377192982456147,0.27184246265278406,0.0355959150178431,0.026155661156818458,6.76322385339019,0.2508585858585859,1.9894736842105263,0.5850877192982469,0.20144861928474422,0.02089004778147641,0.016583679765073033,3.9691090784805176,0.2822294372294372,1.8596491228070176,0.553947368421053,0.19443186962426437,0.04556389508976374,0.0419279810470565,0.2551023729696299,8.65714006705511,0.24984126984126984,1.8496732026143792,0.5052631578947374,0.1813037573562698,3.2434704321410227e-12,3.4953201679504423e-12,1.510366983437369e-12,6.580657659294457e-13,2.6102224311493757e-12,2.120899049252964e-12,6.611289388201404e-13,4.794824864086545e-13,3.0658511969920396e-13,4.260762694476077e-13
0.04008774825968277,0.03119362908329183,0.12707919664073436,0.0034504085153478077,1.1224569512711176,0.07142857142857142,0.0,2.0,0.4613095238095237,0.21428571428571427,0.07311748007106403,0.05475547717303667,13.892321213502164,0.3305494505494505,1.8830409356725146,0.5500000000000005,0.21412403802625624,0.03915031548794841,0.031140686719525558,7.438559942710198,0.3372222222222222,1.8104575163398693,0.510526315789474,0.23924852874603894,0.11408225815017671,0.07859658772092579,21.675629048533576,0.38503968253968257,1.8758169934640523,0.5021929824561404,0.19895880488909007,0.02590187750878449,0.01935090981063973,4.921356726669053,0.3007539682539682,2.0584795321637426,0.5271929824561411,0.23517428700769577,0.02778572517684628,0.025592630058464856,5.279287783600793,0.39841880341880337,1.7720588235294117,0.4679824561403509,0.17179719330013576,0.046092934885960064,0.039262372025279775,0.1855733862829986,8.757657628332412,0.3760930735930736,1.8366013071895424,0.5074561403508778,0.24332277048438206,4.832136013513463e-12,1.261112552133281e-11,2.150527676501922e-12,1.1103447538119092e-12,3.4158666769804588e-12,3.067380933454895e-12,1.0926945667682272e-12,1.192736041735106e-12,6.168098856108839e-13,1.0587144233450095e-12
0.1266478955763159,0.05598469327356138,0.2296149213892777,0.03362520751277628,3.546141076136845,0.7142857142857143,0.0,1.9047619047619047,0.47023809523809523,0.22448979591836735,0.03816864514073179,0.02980525104943731,7.25204257673904,0.3190476190476191,1.894736842105263,0.6000000000000006,0.22838388411045718,0.1009828695954593,0.07435648374393813,19.186745223137265,0.3998934398934399,1.625,0.4377192982456141,0.15459483929379808,0.10457204826460213,0.07300063085161348,19.868689170274404,0.5384271284271284,1.8169934640522876,0.5096491228070181,0.21955636034404707,0.03417891755853616,0.024717893280297665,6.493994336121871,0.2626154401154401,1.9684210526315788,0.5890350877192985,0.21525577184246264,0.024045098586771608,0.028074098240456587,4.5685687314866055,0.318968253968254,1.931578947368421,0.5942982456140357,0.21978270710728837,0.041667023585786514,0.034331787944305525,0.17105562969955404,7.916734481299438,0.3369227994227994,1.976608187134503,0.537719298245615,0.2464916251697601,6.320628084778968e-12,5.897404309298689e-12,6.327210004741592e-12,3.3289806698413117e-12,1.7360169589896167e-12,1.7128249441744828e-12,2.9840295603381724e-13,3.545759111769894e-13,4.511389490226932e-14,3.4442423106108786e-14
0.18131036471097017,0.07810651766690276,0.3075746232219003,0.02066990006835715,5.076690211907165,0.8571428571428571,0.0,1.8095238095238095,0.48214285714285715,0.20408163265306123,0.05353649740705397,0.034247932393393354,10.171934507340254,0.3328174603174603,2.0116959064327484,0.5324561403508774,0.24015391579900408,0.1574638640806306,0.08008484491108003,29.918134175319814,0.2562049062049062,1.8562091503267975,0.5043859649122813,0.1468990493435944,0.11787736487470424,0.07615981890185097,22.396699326193804,0.38427128427128426,1.8083333333333333,0.4232456140350881,0.1622906292440018,0.03469493694524061,0.02534074650884601,6.592038019595717,0.2516666666666666,2.1052631578947367,0.569736842105264,0.24784970574920778,0.02595978406678785,0.024211433470279525,4.932358972689691,0.2756349206349206,2.126315789473684,0.5657894736842114,0.26912630149388866,0.045243524487792515,0.035953525005151324,0.15979297548907914,8.596269652680578,0.308452380952381,1.786764705882353,0.46622807017543866,0.17270258035310093,3.3258663605211026e-12,2.280800873935139e-12,3.742563373812532e-12,1.8477487069343707e-12,2.110850158790635e-12,1.69365827905092e-12,4.071392810625016e-13,3.680307442570363e-13,4.847709176641761e-14,2.919239644975153e-14
0.12390198421740363,0.05681436306091214,0.2312750235994922,0.023078675824354675,3.4692555580873017,0.6428571428571429,0.0,1.8095238095238095,0.48214285714285715,0.20408163265306123,0.053870573703227176,0.037121146844139766,10.235409003613164,0.2735714285714285,2.221052631578947,0.5566666666666676,0.20891806247170663,0.09698354802732231,0.05681647446614055,18.42687412519124,0.30043650793650795,1.8888888888888888,0.5013157894736844,0.22906292440018108,0.08805206107942619,0.06251194677543474,16.729891605090977,0.28657647907647904,2.236842105263158,0.557105263157895,0.26075147125396103,0.057018086376711276,0.04093565512911359,10.833436411575143,0.5108080808080808,1.8888888888888888,0.5495614035087719,0.2609778180172024,0.03506019369572331,0.041184143106223065,6.661436802187429,0.40287545787545787,1.8431372549019607,0.5078947368421053,0.1591217745586238,0.04758822612339578,0.04283233054527937,0.21493440968718466,9.041762963445198,0.31539682539682545,1.9239766081871346,0.5438596491228074,0.19239474875509277,5.819232712476656e-12,2.1590645164089883e-11,2.535933035665748e-12,1.5348660813135554e-12,2.2961926525754604e-12,2.525109897260112e-12,5.177573462965751e-13,4.811963625860127e-13,2.6171159460619995e-13,2.8375445156540576e-13
0.20605030528210114,0.0894535429297065,0.3775593242407474,0.02665928843462127,5.7694085478988315,0.8928571428571429,0.35833333333333334,1.5333333333333334,0.39285714285714285,0.07142857142857145,0.038870034041517974,0.028869518888876136,7.385306467888415,0.36158730158730157,1.9941520467836258,0.5346491228070179,0.19013128112267993,0.16377379437004347,0.08495774387646353,31.11702093030826,0.401969696969697,1.9239766081871346,0.5451754385964918,0.20846536894522408,0.09122184550598852,0.06775498087211025,17.33215064613782,0.3088492063492064,2.0292397660818713,0.5307017543859657,0.2030330466274332,0.03770076700491178,0.027990224951342086,7.1631457309332385,0.36780303030303035,1.9649122807017543,0.5399122807017546,0.19465821638750566,0.028125626393055325,0.028859052439978918,5.343869014680512,0.32002886002886,2.0,0.58421052631579,0.2539610683567225,0.04734392212424555,0.03714427173695233,0.17255297679112008,8.995345203606654,0.33,1.9649122807017543,0.5385964912280711,0.2134449977365324,8.148519772955699e-12,6.761322146818073e-12,6.965080414113362e-12,3.716238308448263e-12,2.620234762408897e-12,2.6629038012757064e-12,6.746506568277897e-13,1.2314868069057256e-12,2.617009836371093e-13,8.520489976526464e-13
0.10677782066245985,0.07745145490480594,0.2190358386771264,0.0009439796881611927,2.9897789785488755,0.5357142857142857,0.1875,1.6,0.3869047619047619,0.12244897959183669,0.046309656175528825,0.03127620094822623,8.798834673350477,0.3438888888888889,1.9947368421052631,0.5837719298245616,0.2408329560887279,0.10320147884440439,0.062057625762374155,19.608280980436835,0.2500901875901876,1.8496732026143792,0.5057017543859655,0.16930737890448166,0.10198801094399682,0.0647968232626365,19.377722079359394,0.26706349206349206,2.0157894736842104,0.5811403508771938,0.23743775464010863,0.043944909962155145,0.032889227078372746,8.349532892809478,0.3471320346320346,2.294736842105263,0.5543859649122808,0.2166138524219104,0.03112494624798055,0.029465635948025905,5.913739787116304,0.3304761904761905,2.0842105263157893,0.573684210526316,0.2573562698053418,0.04689403271206564,0.03753600612761388,0.18954461117802154,8.909866215292471,0.36,2.0350877192982457,0.5311403508771936,0.28564961521050247,3.5211579838932316e-12,2.921439743854205e-12,2.823355758031186e-12,1.2199908830057008e-12,2.5233168440266065e-12,1.9108829103968425e-12,3.5508653845104806e-13,2.8754960751597635e-13,6.587099623452456e-14,6.437292790259996e-14
0.06715508702748701,0.028822921156233965,0.1442335861462843,0.02438071677354253,1.8803424367696364,0.21428571428571427,0.1875,1.6,0.3869047619047619,0.12244897959183669,0.043759540448073404,0.03277682382382294,8.314312685133947,0.3836940836940837,1.9789473684210526,0.5868421052631584,0.21299230421004978,0.05936193140642695,0.03971776109079305,11.27876696722112,0.39142496392496395,1.9707602339181287,0.5381578947368427,0.2098234495246718,0.110999847524152,0.07613583982068681,21.08997102958888,0.4669472194472194,1.65,0.43508771929824563,0.12516976007243097,0.03311689757906044,0.02613033452071553,6.292210540021483,0.3097619047619048,1.8954248366013071,0.49956140350877193,0.1672702580353101,0.017803868089546156,0.01379521986038258,3.3827349370137694,0.2753174603174603,1.912280701754386,0.5456140350877199,0.2197827071072884,0.027875326152691712,0.02781059440718934,0.13407766674261906,5.296311969011425,0.32940836940836943,2.1052631578947367,0.5255263157894741,0.2288365776369398,2.468700377438286e-12,2.0300724511426885e-12,1.6521394789972558e-12,1.723757356606988e-12,8.396240746022455e-12,1.4871342309039393e-11,3.245083267393993e-13,3.1560191040152915e-13,1.1115756000324554e-13,1.596939326073573e-13
0.03711979241747153,0.021931156196684967,0.0755834771003548,0.0021158165424302595,1.0393541876892027,0.0,0.0,2.8214285714285716,0.5035714285714284,0.37755102040816324,0.05197439091038361,0.03738063394092337,9.875134272972886,0.39674242424242423,1.8758169934640523,0.5030701754385969,0.19760072430964237,0.03573708366812347,0.025008509022133484,6.790045896943459,0.2365873015873016,1.9947368421052631,0.5850877192982462,0.2600724309642372,0.0777861534797901,0.05105502889740296,14.779369161160119,0.38091269841269837,1.908496732026144,0.497368421052632,0.23902218198279768,0.024893652379051532,0.01865149304784513,4.729793952019791,0.2988492063492063,2.0157894736842104,0.5815789473684212,0.24649162516976006,0.02104783458597668,0.0230934722617763,3.9990885713355686,0.41648459383753506,1.8789473684210527,0.6026315789473685,0.1822091444092349,0.02863085254557572,0.022645806496404144,0.10523745971810813,5.4398619836593864,0.29341269841269835,1.935672514619883,0.5429824561403512,0.2548664554096876,1.3150055796417344e-11,3.9259422277621535e-11,2.283261853970088e-12,5.2097388513599965e-12,5.950254014889008e-12,1.1127017693004372e-11,3.9101494786019896e-13,5.963995673986292e-13,2.007693521488071e-13,4.690238031634994e-13
0.04427404241863405,0.026438987698657903,0.1029588880570294,0.005045408678102927,1.2396731877217535,0.03571428571428571,0.0,2.4285714285714284,0.530952380952381,0.35714285714285715,0.07359478087164789,0.04470523406364264,13.983008365613099,0.2629761904761905,2.0526315789473686,0.5754385964912286,0.24151199637845175,0.04339239916463794,0.031187732214023628,8.244555841281208,0.2896031746031746,1.9842105263157894,0.5855263157894743,0.2476233589859665,0.09001934216094254,0.07007912920909082,17.10367501057908,0.20267316017316017,1.9239766081871346,0.5451754385964912,0.19035762788592125,0.04237749250898151,0.02672456412062053,8.051723576706488,0.2225,2.0,0.5342105263157902,0.20212765957446807,0.027676593586763037,0.01835450021566542,5.258552781484977,0.2531349206349206,2.026315789473684,0.577631578947369,0.23983931947069942,0.07091360444338606,0.05240060775662745,0.2118746134565932,13.473584844243351,0.28590187590187593,1.7205882352941178,0.47368421052631576,0.14961521050248977,5.536390097034753e-12,8.195922351139714e-12,9.036376855021265e-13,5.238388954368678e-13,2.56062711135442e-12,3.0897038881515246e-12,2.0158706098121614e-13,1.6915069370498713e-13,4.666694506568549e-14,3.501891044095633e-14
0.05405795012253134,0.046923054237830324,0.15211093388887081,0.0004882653559454445,1.5136226034308775,0.17857142857142858,0.0,1.6666666666666667,0.38095238095238093,0.12244897959183669,0.04705353272834115,0.039961807417455746,8.940171218384819,0.24116605616605616,1.936842105263158,0.5942982456140355,0.2315527387958352,0.0578416272770726,0.042838267608154665,10.989909182643794,0.2711147186147186,1.95906432748538,0.5403508771929828,0.23789044816659122,0.07226858363642906,0.05123336636884659,13.73103089092152,0.24690476190476188,1.9181286549707601,0.5456140350877197,0.23924852874603894,0.06204379311939888,0.041019981893526444,11.788320692685787,0.29537878787878785,1.95906432748538,0.5399122807017549,0.2308736985061114,0.04659010894313679,0.0378757716047048,8.85212069919599,0.3956746031746032,1.9052631578947368,0.5982456140350881,0.2686736079674061,0.03577049129774079,0.030632233802447034,0.14996256632271085,6.79639334657075,0.2717063492063492,1.976608187134503,0.5342105263157894,0.27433837429111535,5.267900672265723e-11,1.7902170559408e-10,3.8812893427347385e-12,8.709949140755513e-12,1.9455161995068176e-12,2.0532453716087773e-12,5.028591014993771e-13,5.99460028772645e-13,9.623899982973793e-13,4.510793890860772e-12
0.06949062298009272,0.042846181599489046,0.16220175124507666,0.006282347579831386,1.9457374434425962,0.21428571428571427,0.3333333333333333,1.8666666666666667,0.3660714285714285,0.20408163265306123,0.0854395844433518,0.05666445019536378,16.23352104423684,0.26897435897435895,1.8362573099415205,0.5570175438596493,0.20393843368039838,0.06519815863998396,0.04327740773003741,12.387650141596954,0.3194047619047619,1.934640522875817,0.4951754385964916,0.20122227252150296,0.15790929914219487,0.11540050068495988,30.002766837017024,0.36651126651126653,1.725,0.4276315789473687,0.09121774558623809,0.04368690026880292,0.03449036476268676,8.300511051072554,0.4332539682539682,1.8070175438596492,0.5614035087719297,0.18447261204164778,0.020003118045430947,0.0150730279095514,3.80059242863188,0.3476190476190476,1.8235294117647058,0.46140350877192987,0.18537799909461294,0.05967527784011965,0.04552125037736446,0.20712216399205755,11.338302789622734,0.3276984126984127,1.8366013071895424,0.5074561403508773,0.21978270710728837,5.84491062847098e-12,8.581605903776421e-12,9.096291333323805e-13,5.20363571088279e-13,3.297179562925542e-12,4.4692863567213976e-12,2.4857040959023756e-13,2.5449663004753127e-13,4.6823059573933954e-14,5.221548776675925e-14
0.05067031858151938,0.035520435690162076,0.1388301162071547,0.0019205104000520816,1.4187689202825426,0.10714285714285714,0.0,1.6,0.3869047619047619,0.07142857142857145,0.05620105568109591,0.039429860927768075,10.678200579408223,0.29652236652236647,1.9894736842105263,0.585087719298246,0.2397012222725215,0.04652500689567739,0.0347607808248868,8.839751310178704,0.20708513708513712,1.8771929824561404,0.5508771929824563,0.19760072430964234,0.09399056705596547,0.07647208476563927,17.85820774063344,0.3102869352869353,1.9789473684210526,0.5872807017543861,0.1684019918515165,0.060477917556822955,0.04225821559089845,11.490804335796362,0.35295093795093796,1.8954248366013071,0.5004385964912286,0.2111815301041195,0.04529183705985449,0.02837399595194306,8.605449041372353,0.32201465201465196,1.9578947368421054,0.5899122807017548,0.2265731100045269,0.0610119256671675,0.04558030086525646,0.17860746720484358,11.592265876761825,0.18583333333333332,1.894736842105263,0.5491228070175438,0.19443186962426437,3.969937750856004e-10,2.083741407718852e-09,8.572760829858576e-11,4.033630819734152e-10,4.552716821155163e-11,1.9578845163925008e-10,8.268158605441979e-12,3.8855762392347906e-11,2.368209028141871e-12,1.0145218144352567e-11
0.0874494877863909,0.04505486316116254,0.1866150190423489,0.011099899091826439,2.448585658018945,0.35714285714285715,0.0,1.9047619047619047,0.47023809523809523,0.22448979591836735,0.058323553749449634,0.04139608109043117,11.08147521239543,0.19273809523809524,2.0233918128654973,0.5330701754385965,0.22023540063377095,0.08038835084521302,0.046853295639188705,15.273786660590474,0.20777777777777776,1.9477124183006536,0.49342105263157915,0.15391579900407423,0.11312457276781356,0.08395621191212933,21.493668825884576,0.3901068376068376,1.7426470588235294,0.4710526315789475,0.1337709370755998,0.03504254761443826,0.026746081161776417,6.658084046743269,0.29374458874458875,2.0,0.4887719298245616,0.1917157084653689,0.017376421751621983,0.013416275549752128,3.3015201328081765,0.33376984126984127,2.0157894736842104,0.5824561403508778,0.24241738343141692,0.05756768471421058,0.04768014105664781,0.296572377201263,10.93786009570001,0.4085989010989011,1.8888888888888888,0.5008771929824559,0.15097329108193752,3.0927785138116754e-12,2.1399492956540217e-12,1.0233182548735657e-12,5.249663208918738e-13,5.716638027916754e-12,7.23808243350904e-12,2.888332498552365e-13,2.622024346756502e-13,4.791764538119891e-14,3.8858013804838376e-14
0.04558422112375434,0.03780593198759282,0.14436379024120308,0.002506428827186615,1.2763581914651216,0.10714285714285714,0.2708333333333333,2.142857142857143,0.44940476190476186,0.3163265306122449,0.05948939436250534,0.04842378806324074,11.302984928876015,0.3302417027417027,1.9239766081871346,0.5442982456140355,0.22634676324128566,0.04673316212636992,0.03783263537663087,8.879300804010285,0.3644444444444444,2.0701754385964914,0.5273684210526319,0.18401991851516522,0.11979359224531823,0.09161852698573385,22.760782526610463,0.38502886002886,1.75,0.47061403508771954,0.16772295156179265,0.06221237315808319,0.050589891868125784,11.820350900035805,0.443066378066378,1.6833333333333333,0.4315789473684211,0.1292440018107741,0.036111249119837444,0.02769444148272935,6.861137332769115,0.44936868686868686,1.8830409356725146,0.5499999999999999,0.17700316885468537,0.04879741099436525,0.04007696765667796,0.20276032681227824,9.271508088929398,0.3268253968253968,1.9649122807017543,0.5390350877192983,0.21389769126301492,3.7754857836609684e-12,4.098653370798265e-12,8.019369575406368e-13,4.640974383288946e-13,1.8028356122954325e-12,2.292660617736775e-12,1.6608736626044583e-13,1.4820677038245395e-13,5.5165913127492365e-14,3.6385822293091246e-14
0.05650973973131456,0.028686742092823472,0.10686501090459295,0.001855408352592689,1.5822727124768077,0.07142857142857142,0.3125,1.6666666666666667,0.38095238095238093,0.20408163265306123,0.03883405659423778,0.03146173046210594,7.378470752905178,0.33488095238095233,1.9941520467836258,0.5365789473684218,0.20393843368039835,0.04263927126823928,0.03177152775575618,8.101461540965463,0.37967532467532467,1.935672514619883,0.5416666666666675,0.19305293005671076,0.03420393045045477,0.023199480186093756,6.498746785586407,0.27996031746031746,2.026315789473684,0.5798245614035095,0.24241738343141694,0.03669733886814951,0.030148825981359356,6.972494384948407,0.31761904761904763,1.7205882352941178,0.47368421052631593,0.1964689904934359,0.030766199702243792,0.02600303566346057,5.845577943426321,0.3972366522366523,1.9005847953216375,0.5478070175438596,0.19805341783612496,0.030454395159148807,0.026099997813802733,0.15497542397708408,5.786335080238273,0.23138888888888887,1.9239766081871346,0.5438596491228074,0.21887732005432323,8.256063658315592e-12,2.1440294523754354e-11,3.995163345620966e-12,1.7909609957122645e-12,3.264795185379194e-12,8.915359490949881e-13,2.4349911430875026e-12,2.0974446164261484e-12,1.6960555639876814e-13,1.008821453213752e-13
0.03751272977535144,0.024554028704835838,0.07952215097164805,0.0008788776407018001,1.0503564337098403,0.0,0.525,1.5333333333333334,0.39285714285714285,0.12244897959183669,0.0407381201612475,0.035949770302158617,7.740242830637024,0.4304334554334554,2.0105263157894737,0.58201754385965,0.2573562698053418,0.03456490417149935,0.023877825788511817,6.567331792584877,0.39928932178932175,2.0233918128654973,0.5315789473684217,0.2211407876867361,0.07609075910700548,0.043454439497591875,14.457244230331042,0.2765873015873016,1.9411764705882353,0.49561403508771934,0.19488456315074698,0.04145492796801091,0.026081429331568685,7.876436313922072,0.2490079365079365,2.126315789473684,0.5683333333333338,0.23381620642824807,0.023333601736511455,0.018628499972336354,4.4333843299371765,0.39297924297924297,1.9789473684210526,0.5885964912280703,0.21208691715708466,0.02786230574319983,0.02609356820829456,0.13961134077666743,5.2938380912079674,0.37229437229437223,1.9064327485380117,0.5464912280701759,0.24309642372114076,2.2259414862348545e-12,2.4009471386428907e-12,9.024508474925383e-13,3.046826798935548e-13,5.813852092061383e-13,2.3641889189557293e-13,3.2748652609519815e-13,1.4768337289713547e-13,5.990875737691953e-14,3.4824038794737416e-14
0.03407045901593605,0.023000466520150312,0.10367501057908271,0.0010090817356205853,0.9539728524462094,0.03571428571428571,0.0,2.642857142857143,0.5166666666666665,0.37755102040816324,0.03732677287437532,0.028774386994046715,7.092086846131311,0.24523809523809526,2.031578947368421,0.5789473684210532,0.23155273879583524,0.030044594902509686,0.021656137490964292,5.70847303147684,0.26940476190476187,1.7647058823529411,0.4719298245614037,0.23087369850611134,0.05854661392258682,0.036684123502150855,11.123856645291495,0.2610822510822511,1.869281045751634,0.5030701754385967,0.15368945224083297,0.039295424525311845,0.026785668629690486,7.4661306598092505,0.40555555555555556,1.9150326797385622,0.49780701754385975,0.28700769578995017,0.030091194262796408,0.022782093444022666,5.717326909931318,0.3605988455988456,1.871345029239766,0.5517543859649124,0.20574920778632863,0.0350019444953649,0.02690662513512771,0.13127827870186518,6.650369454119332,0.16265873015873017,1.9415204678362572,0.5416666666666676,0.18288818469895882,2.630587856849121e-12,4.378903519697674e-12,9.382123864391585e-13,3.312834795689454e-13,6.437165809268098e-13,2.294406637073066e-13,4.1203442507224026e-13,2.6390228916381627e-13,7.356122398752489e-14,9.352720321628676e-14
0.031447776532571955,0.024036887390737387,0.10601868428762085,0.0002929592135672667,0.8805377429120147,0.03571428571428571,0.0,1.9523809523809523,0.46726190476190466,0.22448979591836735,0.04886679607126276,0.03452812189759819,9.284691253539924,0.28050505050505053,1.7794117647058822,0.46666666666666656,0.17722951561792666,0.031253779773479144,0.024729782473865827,5.938218156961037,0.3037409812409812,1.9941520467836258,0.5359649122807019,0.17270258035310093,0.0857388825404875,0.06503997805844972,16.290387682692625,0.22857142857142856,1.9824561403508771,0.5377192982456139,0.17858759619737438,0.0421146858226586,0.03327791861441905,8.001790306305134,0.35091269841269834,1.7333333333333334,0.42631578947368415,0.14961521050248985,0.03179241355561685,0.02804696775344814,6.040558575567202,0.29942640692640693,1.8088235294117647,0.4671052631578949,0.1641014033499321,0.05164819538837654,0.037535697314345494,0.18921910094072458,9.813157123791543,0.313611111111111,2.042105263157895,0.5785087719298252,0.24875509280217292,1.679297183819177e-12,1.4771223165387667e-12,8.326598767239943e-13,2.7105373845580657e-13,5.213554774994261e-12,6.415892212977519e-12,5.724558331423068e-13,4.82582045403362e-13,1.3469052380916272e-13,1.6628067717145448e-13
0.04888815003231852,0.03553709827653852,0.1319618502001888,0.0006184694508642297,1.3688682009049187,0.10714285714285714,0.29166666666666663,1.6666666666666667,0.38095238095238093,0.12244897959183669,0.09652577784097625,0.08411990585163462,18.33989778978549,0.27149877899877906,1.75,0.47368421052631593,0.16432775011317335,0.04910150608447163,0.03803778653703337,9.329286156049609,0.37745670995670993,1.8888888888888888,0.549122807017544,0.19171570846536895,0.09629141047012242,0.06822670978668169,18.29536798932326,0.4543228993228993,1.9281045751633987,0.4978070175438595,0.17994567677682213,0.05747654184776744,0.04355889896728543,10.920542951075813,0.3268253968253968,1.7573529411764706,0.4692982456140353,0.16998641919420554,0.0327929292323612,0.02698081651542763,6.230656554148628,0.39977633477633473,2.0526315789473686,0.5782456140350879,0.23879583521955638,0.038815896549420165,0.03495280023853753,0.15022297451254843,7.3750203443898315,0.47119047619047627,1.9005847953216375,0.5473684210526321,0.2913082842915346,6.0779204737096304e-12,1.419807589399195e-11,1.4056920923324185e-12,8.137266961612526e-13,6.655992466868907e-12,8.354953024390568e-12,7.591429950296651e-13,5.953749445434209e-13,1.159081962505192e-13,9.463833769218872e-14
0.03562012025278195,0.02331291609358539,0.09804368347384525,0.0029621431594023633,0.9973633670778946,0.0,0.25,1.8,0.3720238095238095,0.12244897959183669,0.07065079775706315,0.05985342270673338,13.423651573841997,0.38283549783549786,1.786764705882353,0.46578947368421075,0.15912177455862384,0.030103700708755714,0.023943663176354865,5.719703134663586,0.333015873015873,2.031578947368421,0.5802631578947373,0.27840651878678135,0.12573244086421254,0.08487083320623193,23.889163764200383,0.45126956376956373,1.7320261437908497,0.5210526315789474,0.17971933001358079,0.039471028732274684,0.027485900980547075,7.49949545913219,0.4177886002886003,1.9526315789473685,0.5912280701754388,0.26799456767768215,0.034310149580520095,0.03066337058964604,6.518928420298818,0.2007539682539683,1.9263157894736842,0.5947368421052639,0.2700316885468538,0.050594227504244485,0.0428392616318825,0.3009993164285017,9.612903225806452,0.35451770451770453,1.7908496732026145,0.513157894736842,0.19737437754640108,2.208200778078936e-12,1.7671463968383723e-12,1.0600023420424723e-12,3.0344682148689105e-13,9.035062562621505e-12,1.23578329538243e-11,8.350427678930911e-13,6.761230858698246e-13,1.5634324324274075e-13,2.49252484894214e-13
0.031675633698679824,0.022246719403157353,0.07418378307997786,9.76530711890889e-05,0.886917743563035,0.0,0.27083333333333337,1.9523809523809523,0.46428571428571425,0.3163265306122449,0.06391701887445413,0.05717236492962016,12.144233586146283,0.36738816738816743,1.8014705882352942,0.46403508771929813,0.16161158895427793,0.033324196203865356,0.02461097859291153,6.331597278734417,0.33178571428571424,1.9473684210526316,0.5407894736842112,0.23653236758714352,0.08309231299008564,0.05826275842568359,15.787539468116272,0.3388888888888889,1.9532163742690059,0.540350877192983,0.19986419194205524,0.03194625997303404,0.02670851365341798,6.069789394876468,0.43380952380952376,1.912280701754386,0.5447368421052632,0.2261342155009452,0.03253046518839333,0.02638605045324589,6.180788385794733,0.36183982683982685,1.8654970760233918,0.5526315789473689,0.24015391579900408,0.03234509567431159,0.031075641239408987,0.2006119592461183,6.145568178119202,0.2772294372294372,1.912280701754386,0.5460526315789478,0.2263467632412856,4.4299142499174226e-12,7.230712779784523e-12,9.46491865770818e-13,3.9133514838791657e-13,4.75801135786819e-12,5.132391909889107e-12,6.27060481566198e-13,4.505166938554434e-13,1.3966990385422094e-13,1.4811953680934303e-13
0.025635093723697617,0.02058357581730951,0.08593470264639823,0.001399694020376941,0.7177826242635332,0.0,0.2708333333333333,2.142857142857143,0.44940476190476186,0.3163265306122449,0.052650938240428706,0.03995373139911057,10.003678265681454,0.20265873015873015,1.9947368421052631,0.5837719298245616,0.21842462652784064,0.026978631109527338,0.020477067335566656,5.125939910810194,0.35234126984126984,1.8627450980392157,0.5039473684210528,0.2541874151199638,0.08463454623016314,0.067053258105023,16.080563783730998,0.32539682539682546,1.9005847953216375,0.5473684210526316,0.21321865097329107,0.03480338325061376,0.027129646032574384,6.612642817616614,0.3922005772005772,1.9064327485380117,0.5464912280701751,0.22295156179266637,0.04307442705915206,0.03630462926524554,8.184141141238891,0.40852564102564093,1.8431372549019607,0.5070175438596495,0.1813037573562698,0.047323363582942576,0.033249989586897684,0.1617460369128609,8.99143908075909,0.3067460317460317,1.9673202614379084,0.4907894736842109,0.2034857401539158,1.641839395495832e-12,1.921837437901731e-12,6.30882116384987e-13,1.6834730627357757e-13,3.7416393083123285e-12,4.064610911128309e-12,5.013742621639718e-13,3.391900860788648e-13,8.013273540282334e-14,6.425906362048387e-14
0.03437620613168284,0.020212195526406407,0.07795970183262263,0.001204387877998763,0.9625337716871195,0.0,0.20833333333333331,1.6,0.3869047619047619,0.12244897959183669,0.05789319495150754,0.042923281349885226,10.999707040786433,0.29474747474747476,1.7647058823529411,0.4684210526315792,0.1799456767768221,0.040102175950275744,0.026256024623732107,7.619413430552391,0.22857142857142856,1.912280701754386,0.5460526315789477,0.2363060208239022,0.0721316980155868,0.06609048517203922,13.705022622961494,0.5025396825396824,1.8421052631578947,0.5561403508771929,0.19805341783612496,0.03238107312159178,0.025033468748077253,6.152403893102438,0.39545454545454545,2.0210526315789474,0.5807017543859658,0.23879583521955636,0.03660122768755814,0.03040649234822931,6.954233260636046,0.4915384615384616,1.871345029239766,0.5521929824561407,0.2569035762788592,0.0888567566502598,0.07163749753049536,0.30913707236092575,16.882783763549362,0.6316830065359477,1.7578947368421052,0.6228070175438597,0.12516976007243094,8.126528544860258e-10,2.5112429094691507e-09,2.870344269908893e-10,1.0536530557046235e-09,7.84063204926556e-11,3.3716293187286484e-10,1.2559556698910631e-11,4.425428179848667e-11,3.0578912636086174e-12,9.547761692101203e-12
0.028976223802238577,0.01957779702184146,0.06734806809674164,0.001399694020376941,0.8113342664626801,0.0,0.5,1.3,0.30357142857142855,1.1102230246251565e-16,0.04654213901342987,0.033971127573658756,8.843006412551675,0.3470634920634921,1.9789473684210526,0.5864035087719307,0.2066545948392938,0.036044605181780334,0.028144202961391578,6.848474984538263,0.40800865800865804,2.068421052631579,0.5747368421052635,0.22951561792666367,0.05070301645197267,0.03300364124188841,9.633573125874808,0.2773809523809524,1.9649122807017543,0.5394736842105269,0.25056586690810323,0.04179225936655708,0.030328865592263467,7.940529279645846,0.3687878787878788,1.8366013071895424,0.5070175438596493,0.18628338614757808,0.025202887104483644,0.020172104015129685,4.7885485498518925,0.3922222222222222,2.0210526315789474,0.5789473684210529,0.29990946129470347,0.04225534050940639,0.03423192372811711,0.14169460629536798,8.028514696787214,0.2633333333333333,2.0233918128654973,0.5315789473684215,0.24241738343141694,8.290206281042642e-12,2.9544550160595673e-11,1.2835401313227354e-12,1.6409641587935665e-12,1.3883138679578372e-12,1.1790987258781002e-12,3.5598450559975616e-13,3.0221763930665823e-13,1.6633701796005016e-13,2.109718456795965e-13
0.06720158848995801,0.04109045436019168,0.15927215910940398,0.003613163633996289,1.8816444777188241,0.2857142857142857,0.20833333333333331,1.6666666666666667,0.38095238095238093,0.12244897959183669,0.04548919905636296,0.030239172171308344,8.642947820708962,0.24341991341991345,1.9239766081871346,0.5447368421052637,0.19827976459936622,0.049413653269921656,0.03436395165483948,9.388594121285115,0.3160137085137085,2.110526315789474,0.5722807017543866,0.22023540063377092,0.07503833311347116,0.062326346552356846,14.25728329155952,0.5665476190476191,1.6985294117647058,0.47631578947368414,0.16364870982344953,0.040566456341367726,0.036532377833972236,7.707626704859869,0.3085497835497836,1.8562091503267975,0.5043859649122809,0.1369397917609778,0.03004014055189404,0.036277741554785796,5.707626704859868,0.4272222222222222,1.8888888888888888,0.5495614035087721,0.1419194205522861,0.029176339174814412,0.025510110578483628,0.15185052569903323,5.543504443214738,0.2992185592185592,1.7712418300653594,0.5157894736842105,0.1783612494341331,2.7277208548330407e-12,2.0857272184769787e-12,1.3150124807679846e-12,7.158937926597531e-13,2.7070479912167332e-12,2.8990924012124025e-12,4.264114709430906e-13,3.853258959085455e-13,1.9575595315132158e-13,4.138233347291756e-13
0.04543657898040893,0.023018178595914637,0.08486051886331825,0.007844796718856809,1.2722242114514501,0.0,0.45833333333333337,1.6666666666666667,0.38095238095238093,0.20408163265306123,0.0480346891120252,0.03025520374909445,9.126590931284788,0.3543223443223443,2.026315789473684,0.5785087719298249,0.206758034026465,0.031227396312140332,0.020993145880956132,5.933205299306663,0.22916666666666669,1.976608187134503,0.5368421052631587,0.2238569488456315,0.06281850748416565,0.043755775925094754,11.935516421991473,0.36726190476190473,2.590643274853801,0.48390977443609057,0.20122227252150293,0.03670539096349317,0.02868622688137503,6.974024283063702,0.30567460317460315,1.8562091503267975,0.504385964912281,0.16274332277048442,0.023988562598188448,0.019999376330342135,4.557826893655805,0.29073232323232323,1.9883040935672514,0.535964912280702,0.20620190131281124,0.030358797942090014,0.02638447594338458,0.11317990950815403,5.768171608997102,0.3171428571428571,1.894736842105263,0.5482456140350883,0.22068809416025348,3.4664043100043746e-12,3.329456389405138e-12,1.2421419521434295e-12,8.434870590206981e-13,1.9941166456761877e-12,1.8824732108494354e-12,4.233896723014075e-13,3.891737821726216e-13,2.281171239731949e-13,4.5436549652961755e-13
0.040228415183657516,0.019632077888752986,0.08687868233455942,0.0066078578171283485,1.1263956251424105,0.0,0.0,2.0952380952380953,0.4523809523809523,0.22448979591836735,0.0595661462500364,0.03604933886394026,11.317567787506917,0.2528571428571429,1.8496732026143792,0.5057017543859651,0.2329108193752829,0.04351883419365117,0.027612681138072637,8.268578496793722,0.27912698412698406,1.8529411764705883,0.468421052631579,0.24807605251244905,0.0712480233819143,0.05721483947869631,13.537124442563718,0.23682539682539677,1.8166666666666667,0.41929824561403495,0.14124038026256225,0.0443881178484116,0.03655480188902509,8.433742391198205,0.33186507936507936,2.1210526315789475,0.5677192982456145,0.2292892711634224,0.03393941055235661,0.03586281556385745,6.448488004947755,0.37011904761904757,1.8596491228070176,0.5535087719298248,0.16138524219103667,0.05219231144819505,0.03756448127062625,0.16246215943491424,9.916539175157059,0.2715800865800866,2.031578947368421,0.5793859649122817,0.23562698053417838,5.651618756036069e-10,2.9818731904101034e-09,1.196595080754981e-10,5.032160613407523e-10,3.83124073647248e-11,1.725752657239722e-10,6.956477193676157e-12,2.9714696515362696e-11,1.852732022302517e-12,7.361818493346505e-12
0.04761284742405149,0.03077216825548494,0.11470980762344976,0.0009439796881611927,1.3331597278734417,0.07142857142857142,0.27083333333333337,1.6666666666666667,0.38095238095238093,0.20408163265306123,0.0372662964987091,0.03125555271772628,7.080596334754729,0.2651190476190476,1.9947368421052631,0.5850877192982461,0.27682209144409237,0.05251593715253922,0.04417049857372463,9.978028058982453,0.41013125763125774,1.7843137254901962,0.5140350877192982,0.17587143503847896,0.052988783602507465,0.073329005336966,10.067868884476418,0.4534126984126984,1.8578947368421053,0.6061403508771933,0.21661385242191036,0.044854796735988925,0.056227993654066596,8.522411379837896,0.5169047619047619,1.8894736842105264,0.6008771929824565,0.22793119058397462,0.03945595246865251,0.039586668211972785,7.496630969043976,0.5047763347763348,1.9181286549707601,0.5451754385964913,0.29357175192394747,0.03446947827561808,0.03130817095009089,0.14957195403795448,6.549200872367436,0.26662337662337665,1.912280701754386,0.5464912280701764,0.21661385242191036,4.852156940655686e-12,6.394242676501716e-12,1.103282586260215e-12,6.95371164037096e-13,1.4372736030091868e-12,1.3013207255098516e-12,3.9917064228187757e-13,3.387140024436477e-13,2.51861285214651e-13,3.3232311997565687e-13
0.10115695638627835,0.06918515626184547,0.24689951498974644,0.0010090817356205853,2.832394778815794,0.4642857142857143,0.0,1.6666666666666667,0.38095238095238093,0.12244897959183669,0.03516795471638636,0.026118741699899178,6.681911396113408,0.4130952380952381,1.9052631578947368,0.5982456140350882,0.28632865550022635,0.10150317201160187,0.0692844651127516,19.285602682204356,0.22820096570096568,1.8830409356725146,0.5500000000000003,0.21389769126301494,0.06698486720038925,0.03648529596021259,12.727124768073956,0.24369047619047618,1.9803921568627452,0.49078947368421066,0.20620190131281124,0.05036739826520176,0.03657828038105407,9.569805670388334,0.2784126984126984,2.036842105263158,0.5776315789473686,0.22612041647804437,0.043803056027164694,0.03477864882274768,8.322580645161292,0.42200937950937945,1.9181286549707601,0.5447368421052634,0.22430964237211407,0.02716708440480453,0.023843167643030003,0.13681195273591354,5.161746036912861,0.16884920634920636,1.8888888888888888,0.5008771929824561,0.22498868266183794,3.5192269689393196e-12,2.645720159884488e-12,7.011449309204833e-12,6.220974944432175e-12,3.1093294044145124e-12,3.6078985058527943e-12,8.005076398031055e-13,7.391590028481801e-13,9.399095330240035e-14,1.0864838008672846e-13
0.24997093658595562,0.1205600620072425,0.46759545587708734,0.006738061912047134,6.999186224406757,0.8928571428571429,0.5,1.3,0.30357142857142855,1.1102230246251565e-16,0.06631551535980018,0.04702313723804634,12.599947918362034,0.3771245421245421,1.9181286549707601,0.5460526315789472,0.19986419194205524,0.21300242076823844,0.13113589521422173,40.4704599459653,0.3127972027972028,1.6911764705882353,0.4771929824561404,0.11272068809416026,0.2220108309248431,0.13687120238784062,42.18205787572019,0.33734126984126983,1.7941176470588236,0.4649122807017546,0.1387505658669081,0.04636739141235465,0.03265194481286282,8.809804368347384,0.16857142857142854,2.0233918128654973,0.5324561403508773,0.2315527387958352,0.04365177942741036,0.041216967664857426,8.293838091207968,0.3788347763347763,2.1526315789473682,0.5650000000000008,0.24105930285196925,0.05937306728296604,0.05105260045885452,0.2699456397903714,11.280882783763548,0.5256060606060606,1.7205882352941178,0.4736842105263157,0.16002716161158892,5.1877067451194095e-12,7.229077432685629e-12,7.325111065666727e-12,9.454117751015914e-12,3.3863065559690815e-12,5.937276357994039e-12,8.354642242285825e-13,9.088679814658433e-13,4.924988276061807e-13,8.165202591808426e-13
0.20298702144182437,0.09206283346953205,0.32411054327658606,0.015591940366524528,5.6836366003710825,0.8214285714285714,0.20833333333333331,2.2857142857142856,0.4386904761904762,0.3163265306122449,0.04297334756441247,0.03224076980034067,8.16493603723837,0.29809523809523814,1.9824561403508771,0.5377192982456145,0.23743775464010866,0.1897049678001847,0.10011732003900035,36.043943882035094,0.15452380952380954,2.0233918128654973,0.5333333333333337,0.22000905387052966,0.13907373492159486,0.07563738086753129,26.424009635103022,0.22869047619047617,1.869281045751634,0.5026315789473685,0.17270258035310096,0.057312073517343694,0.04031461037505305,10.889293968295302,0.2852922077922078,1.908496732026144,0.498245614035088,0.19375282933454052,0.05320516224972117,0.04208963935609376,10.108980827447022,0.42867965367965366,1.8187134502923976,0.5596491228070181,0.16953372566772296,0.048051821229777684,0.04092403148330414,0.20751277627681392,9.12984603365776,0.33594155844155843,1.8823529411764706,0.5021929824561404,0.22634676324128566,8.629356133254777e-12,1.6173121787410922e-11,7.51335890941522e-12,6.788223276883779e-12,2.0191993864189353e-12,2.0774237846348633e-12,7.317833538740787e-13,5.15714030191606e-13,4.5119461753240646e-13,9.42093504153483e-13
0.06480792570926357,0.038208714843402575,0.15080889293968294,0.004264184108590215,1.8146219198593798,0.21428571428571427,0.4375,1.3,0.30357142857142855,0.03061224489795919,0.05620756588584186,0.043296964145938935,10.679437518309953,0.18695526695526693,1.9789473684210526,0.5864035087719305,0.20393843368039835,0.06401330137622302,0.04181128551548782,12.162527261482374,0.42900793650793656,1.8602941176470589,0.4583333333333336,0.24694431869624264,0.15750926419267466,0.0829700404179476,29.926760196608186,0.23196248196248198,1.5904761904761904,0.39649122807017556,0.09981892258940697,0.040553093289520795,0.029668240090221447,7.705087725008951,0.31745310245310243,1.894736842105263,0.5482456140350879,0.1957899502037121,0.05195674482909856,0.04044191157442277,9.871781517528726,0.3784920634920635,1.838235294117647,0.4605263157894739,0.19669533725667723,0.051187684063190096,0.040597152557856446,0.17704501806581818,9.725659972006119,0.22281746031746028,1.8823529411764706,0.5013157894736843,0.17722951561792666,6.044695243318934e-12,3.154122036033796e-11,8.355993815808935e-13,1.7929396624637747e-12,1.9614337940929468e-12,2.161115560230301e-12,5.042774383331112e-13,7.958227682756032e-13,4.133482365097042e-13,6.798496720822557e-13
0.05545066892353765,0.04888299486612328,0.2126558380261059,0.0014647960678363335,1.5526187298590541,0.17857142857142858,0.0,1.6,0.38690476190476186,0.07142857142857145,0.033300725202544464,0.025061444602916597,6.327137788483448,0.40466089466089467,2.0105263157894737,0.5833333333333334,0.2267994567677682,0.05577206745257401,0.03856234773146797,10.596692815989062,0.30031746031746026,1.8366013071895424,0.5070175438596494,0.2256677229515618,0.17893880236217638,0.09885477012618413,33.99837244881351,0.32811688311688303,1.7908496732026145,0.513157894736842,0.12381167949298325,0.03893770590664024,0.02986189464519784,7.398164122261646,0.17111111111111113,1.9181286549707601,0.5456140350877194,0.16976007243096422,0.02736496036484558,0.024885747052155956,5.19934246932066,0.21448051948051944,1.8830409356725146,0.5508771929824562,0.2157084653689452,0.04121062396886067,0.030472901604657304,0.138048891637642,7.8300185540835265,0.32213924963924956,1.8431372549019607,0.5065789473684211,0.1831145314622001,4.230932081904055e-12,2.9602862829255264e-12,3.1079095686188864e-12,1.2038046479183029e-12,3.5815521072656522e-12,2.073199478779169e-12,8.060449797749188e-13,6.294851273050696e-13,1.968923736671007e-13,2.070986537990007e-13
0.04116076950620097,0.025636251726514004,0.1055629699554051,0.005436020962859282,1.1525015461736272,0.03571428571428571,0.1875,1.6,0.3869047619047619,0.12244897959183669,0.033427845516267804,0.02426902477008857,6.351290648090883,0.30793650793650795,2.057894736842105,0.5782456140350881,0.2804436396559529,0.03716059133217635,0.026594955452843832,7.060512353113506,0.28281746031746036,1.9298245614035088,0.5438596491228075,0.2417383431416931,0.20272880371561366,0.10198463036879468,38.518472705966595,0.07559523809523809,1.8888888888888888,0.5,0.14825712992304207,0.049494002902180756,0.037233048989659547,9.403860551414343,0.28694444444444445,1.8088235294117647,0.4635964912280703,0.15368945224083297,0.02858442450646652,0.023179178037410788,5.431040656228639,0.30996392496392494,1.8888888888888888,0.501315789473684,0.1736079674060661,0.08606901844957761,0.067263445241756,0.35581524038931023,16.353113505419746,0.21892857142857144,1.8083333333333333,0.42105263157894735,0.13331824354911725,6.763227290688269e-12,1.2264720551880202e-11,2.3078894524208235e-12,8.157504327873944e-13,3.61608829928458e-12,2.2917920132759413e-12,7.434270313541825e-13,5.459407377678798e-13,1.6874128138326231e-13,1.6575941178112533e-13
0.04794300780759554,0.04746178675228383,0.18518277399824223,0.003613163633996289,1.3424042186126752,0.17857142857142858,0.29166666666666663,1.6666666666666667,0.38095238095238093,0.12244897959183669,0.03685838077502274,0.030144467090377783,7.00309234725432,0.34148629148629145,1.9473684210526316,0.5421052631578954,0.26505205975554547,0.053196253548489884,0.04189434819283899,10.107288174213078,0.3514285714285714,1.619047619047619,0.39385964912280697,0.10027161611588953,0.14150649564244586,0.07103743144239165,26.88623417206471,0.2636904761904762,1.908496732026144,0.498245614035088,0.24535989135355366,0.04938949698389066,0.03088627992794707,9.384004426939226,0.357979797979798,1.8431372549019607,0.5061403508771931,0.23223177908555906,0.024168963798121976,0.01728996010415153,4.592103121643175,0.3147619047619048,1.8830409356725146,0.5500000000000003,0.2532820280669987,0.0483430672315697,0.0380246578521454,0.18231828391002897,9.185182773998243,0.4768650793650794,1.9473684210526316,0.5421052631578953,0.2876867360796741,5.4415677392901805e-12,1.0323845712257362e-11,2.7400845764730196e-12,1.3723421492633553e-12,3.0829246142904185e-12,1.7922539050338514e-12,6.108370565823394e-13,5.348932878787296e-13,9.617741444657855e-14,9.397339937865157e-14
0.03709072900342715,0.02847687530781424,0.1417597083428274,0.0003580612610266593,1.0385404120959603,0.03571428571428571,0.27083333333333337,2.142857142857143,0.44940476190476186,0.3163265306122449,0.05079244610664058,0.04211188579501905,9.65056476026171,0.43198412698412697,1.8300653594771241,0.5078947368421051,0.18899954730647348,0.06027764310029655,0.0788545314395825,11.452752189056344,0.5251005856888209,1.8,0.6157894736842106,0.21933001358080578,0.16126907875463212,0.10904640006604244,30.6411249633801,0.2660606060606061,1.8431372549019607,0.5061403508771928,0.17089180624717065,0.06558791431885269,0.08986292311416211,12.461703720582012,0.6363888888888888,1.7953216374269005,0.5631578947368421,0.21389769126301492,0.05419145826873097,0.07963623785253372,10.296377071058885,0.3610119047619047,1.8128654970760234,0.5605263157894739,0.1464463558171118,0.03882206411181106,0.02807171746087795,0.1291299111357052,7.3761921812441,0.23079365079365083,1.9064327485380117,0.5464912280701757,0.2030330466274332,3.7729011264538835e-12,3.690096229546354e-12,1.923095308879275e-12,6.567318162126281e-13,2.9020038959654595e-12,1.6335901700616423e-12,7.533299918091085e-13,6.286026898935907e-13,1.5498868550672288e-13,1.8181685330988138e-13
0.05014136444591182,0.04173664842851556,0.15803522020767552,0.0035480615865368967,1.403958204485531,0.14285714285714285,0.47916666666666663,1.3,0.30357142857142855,0.03061224489795919,0.03575301653763326,0.03010351062076932,6.79307314215032,0.27543650793650787,1.9947368421052631,0.5842105263157901,0.2322317790855591,0.05477343630878244,0.04283273536976892,10.406952898668663,0.4230952380952381,1.7279411764705883,0.47280701754385956,0.14124038026256225,0.16034754214072663,0.08809996869584227,30.46603300673806,0.31465728715728714,1.8235294117647058,0.4618421052631579,0.15323675871435039,0.0316111557497957,0.024421165222082954,6.006119592461182,0.2943650793650794,2.0526315789473686,0.5276315789473687,0.2354006337709371,0.02174819555969772,0.019682823763013262,4.132157156342567,0.5021600621600621,2.0736842105263156,0.5766666666666667,0.1989588048890901,0.03839547437977451,0.030974323499037282,0.1442986881937437,7.295140132157156,0.31547619047619047,1.8455882352941178,0.46008771929824566,0.19443186962426437,1.2379353022618653e-09,4.447435761822622e-09,2.3516550895987733e-10,8.394698199500678e-10,4.2411445217786386e-11,1.3604075556536733e-10,8.92772371261395e-12,2.993833581907544e-11,2.527778323848954e-12,9.422867493593859e-12
0.08993382841890378,0.05065880718576132,0.1961524689951499,0.009081735620585268,2.518147195729306,0.42857142857142855,0.20833333333333331,1.6,0.3511904761904762,0.40816326530612246,0.03225104034785052,0.022897246651209225,6.127697666091599,0.4050396825396826,2.1052631578947367,0.569298245614036,0.2711634223630602,0.07938458006609571,0.04967538690442933,15.083070212558185,0.37720238095238096,1.7777777777777777,0.5657894736842107,0.21253961068356725,0.18736146541282406,0.1003743320979091,35.59867842843657,0.1323015873015873,1.869281045751634,0.5026315789473685,0.16002716161158895,0.0300017646081285,0.02520532986906103,5.700335275544415,0.3241958041958042,1.8235294117647058,0.5096491228070176,0.17406066093254868,0.018368885333022673,0.014065898962932737,3.4900882132743076,0.24932539682539684,2.0233918128654973,0.5326315789473687,0.19963784517881394,0.05068399980126744,0.04576976158675911,0.23622277920640605,9.629959962240815,0.3601984126984127,1.871345029239766,0.5521929824561408,0.2317790855590765,2.2451035020884795e-11,7.26860056395068e-11,4.7197595853219654e-12,3.4824155380721257e-12,4.250003501267512e-12,2.6540480712336355e-12,9.546474599622128e-13,8.424366962346739e-13,2.9634025298249075e-13,5.401381411267533e-13
0.03252544792533725,0.030010431613054413,0.12802317632889554,0.0017903063051332964,0.9107125419094431,0.03571428571428571,0.375,1.4,0.32142857142857145,0.2448979591836735,0.030565925245717402,0.024521375482054367,5.807525796686306,0.24388888888888882,1.9298245614035088,0.5429824561403517,0.23245812584880035,0.037804930280846805,0.027147953515955434,7.1829367533608925,0.337012987012987,2.0157894736842104,0.5820175438596497,0.21072883657763694,0.19027649524840712,0.09296928975910836,36.15253409719735,0.24607864357864356,1.675,0.4324561403508772,0.13784517881394298,0.04730383296870477,0.031979691378716056,8.987728264053906,0.2349567099567099,1.7573529411764706,0.46973684210526323,0.14327750113173382,0.02360737297819595,0.01784589423382764,4.485400865857231,0.2678571428571429,2.0058479532163744,0.5333333333333339,0.22951561792666364,0.05150565616867598,0.03478971687428216,0.14644705575990366,9.786074672048436,0.21615079365079365,1.9150326797385622,0.4982456140350878,0.1670439112720688,5.1568545970437324e-12,2.9582151329432134e-12,3.706125609323242e-12,1.622541804363641e-12,4.283530220248058e-12,3.119613600637526e-12,7.738207826104062e-13,6.417863262190197e-13,1.193552070861972e-13,1.0108585864574646e-13
0.06385115811892285,0.046216279910635295,0.19800787734774258,0.002701734969564793,1.7878324273298396,0.17857142857142858,0.17916666666666667,1.8095238095238095,0.4821428571428571,0.20408163265306123,0.06259818844986885,0.06403473504688013,11.893655805475081,0.5865945165945166,2.210526315789474,0.5150877192982456,0.2550928021729289,0.05245922984277855,0.04052130733592973,9.967253670127924,0.43003968253968256,1.7973856209150327,0.5122807017543863,0.1720235400633771,0.07956875033193479,0.06523516089792217,15.11806256306761,0.562107892107892,1.9415204678362572,0.5434210526315789,0.16138524219103667,0.02348744815392865,0.016968838772103714,4.462615149246443,0.4109523809523809,1.95906432748538,0.539912280701755,0.29990946129470347,0.036513168602310436,0.02683365908981624,6.9375020344389835,0.4665012765012765,1.7843137254901962,0.5140350877192986,0.15323675871435039,0.023332231167091252,0.018117851049209436,0.07848051821229778,4.433123921747338,0.30047619047619045,2.0,0.5359649122807022,0.24241738343141694,4.021968444506376e-12,7.342830434925127e-12,1.1397663420926992e-12,8.0142688688338e-13,1.4050218523082595e-12,1.2520143862086757e-12,2.4952955724617577e-13,1.685495949183079e-13,5.775827174798658e-14,3.608080609749937e-14
0.03094904834757053,0.022509089828993425,0.08316786562937405,0.001204387877998763,0.8665733537319749,0.0,0.1875,2.0476190476190474,0.4583333333333333,0.21428571428571427,0.06670835481986435,0.041242665831015046,12.674587415774226,0.39843073593073586,2.1052631578947367,0.5692982456140353,0.2668628338614758,0.03597265028721995,0.028384922706434345,6.834803554571791,0.21194444444444444,1.75,0.4701754385964916,0.12947034857401538,0.05687280601817032,0.04505513639830397,10.805833143452361,0.3997832722832722,1.675,0.43596491228070167,0.17632412856496155,0.02789554205163963,0.020168754422444788,5.300152989811529,0.34722582972582977,1.9064327485380117,0.5464912280701758,0.1844726120416478,0.022072849191107063,0.015441887261766433,4.193841346310342,0.3463961038961039,1.75,0.4701754385964914,0.16455409687641465,0.043174992590359076,0.034203451057063246,0.14449399433612187,8.203248592168224,0.3689285714285714,1.838235294117647,0.46008771929824555,0.20710728836577638,1.2509742506385979e-09,5.473781070241063e-09,4.4064171988544e-10,1.9476185527476197e-09,1.1200740100789666e-10,5.484496699430156e-10,2.3669666384214698e-11,1.1736180564458465e-10,4.440883096568582e-12,2.6815628054726648e-11
0.049658911772775254,0.027250207155417375,0.09950847954168159,0.0034178574916181115,1.390449529637707,0.0,0.0,1.8571428571428572,0.47619047619047616,0.22448979591836735,0.04135984471448469,0.034642153748801134,7.858370495752092,0.39936507936507937,1.8758169934640523,0.5021929824561409,0.23110004526935263,0.039932054020993694,0.02878595172745042,7.587090263988802,0.4301190476190476,2.2549019607843137,0.47350877192982443,0.17089180624717062,0.06386356666706643,0.05754956190356906,12.13407766674262,0.39204831932773115,1.831578947368421,0.6105263157894736,0.20258035310095068,0.02216142223988734,0.017378691219677632,4.210670225578594,0.2697222222222222,2.1736842105263157,0.5605263157894742,0.2532820280669986,0.016789646718599824,0.013344420583573094,3.1900328765339667,0.33042207792207784,1.894736842105263,0.5482456140350881,0.21729289271163424,0.03246262200209355,0.025476922304667398,0.1282184824712737,6.167898180397774,0.2704761904761904,1.8596491228070176,0.5539473684210531,0.2243096423721141,5.623845153550592e-12,1.9108050500170132e-11,2.0856987541078455e-12,1.6316675227880125e-12,1.9641457843846733e-12,1.8806919182568362e-12,3.4859446864410345e-13,2.2169616027482855e-13,1.1181911543713268e-13,1.110034431008748e-13
0.06058791799002078,0.05922479004827654,0.1934181830018554,0.0010090817356205853,1.6964617037205818,0.21428571428571427,0.375,1.7333333333333334,0.37500000000000006,0.1938775510204082,0.04948852062449996,0.0330797533614868,9.402818918654992,0.22888888888888886,2.0842105263157893,0.5723684210526324,0.23789044816659122,0.05020772692774871,0.038804835246455296,9.539468116272255,0.4995085470085471,1.931578947368421,0.5938596491228079,0.21389769126301497,0.049538889050692224,0.041176031938966434,9.412388919631523,0.4105519480519481,2.068421052631579,0.5710526315789477,0.2551984877126654,0.038572963119690114,0.024398937257551954,7.328862992741121,0.41345238095238096,2.221052631578947,0.5564035087719302,0.3139429606156632,0.023442048041884597,0.018203724562239367,4.4539891279580734,0.3841361416361416,1.8300653594771241,0.5083333333333333,0.17926663648709826,0.04624266959511666,0.036564544794156495,0.1952084893069887,8.786107223072165,0.3271428571428571,1.9181286549707601,0.5460526315789477,0.22114078768673606,5.480872014154517e-12,1.8742427349463223e-11,8.892572840383547e-13,1.5969917917763409e-12,9.148489038582204e-13,6.945314605080104e-13,2.6604932957142237e-13,1.939095615647597e-13,7.994451031868417e-14,1.0401314211565471e-13
0.07692039414639593,0.048685952212458965,0.19989583672406497,0.012206633898636111,2.153771036099086,0.32142857142857145,0.0,1.9047619047619047,0.4702380952380952,0.22448979591836735,0.0747059700290732,0.05356942861010819,14.194134305523908,0.329004329004329,1.8830409356725146,0.5504385964912282,0.1826618379357175,0.06019506629272964,0.04217891133875674,11.437062595618631,0.4641636141636141,1.9005847953216375,0.5482456140350881,0.21525577184246264,0.0491789432567128,0.03469857624654784,9.343999218775432,0.43572150072150073,1.8888888888888888,0.549561403508772,0.19126301493888637,0.041633958598524236,0.029325636672721964,7.910452133719605,0.297012987012987,2.142105263157895,0.5657894736842108,0.23585332729741965,0.032971103256986906,0.03166475132546785,6.264509618827512,0.43610028860028854,1.912280701754386,0.5460526315789473,0.2211407876867361,0.03523151487324803,0.033697513968857847,0.27912502848214577,6.693987825917125,0.33373376623376627,1.8888888888888888,0.549122807017544,0.2177455862381168,4.1845787490297615e-11,1.4141961011505282e-10,4.305776229750732e-12,1.0238886657754621e-11,1.7965132219540401e-12,2.6587662347652224e-12,5.118153267867023e-13,7.432632096010732e-13,1.5634599932850213e-13,2.8575484578953763e-13
0.05117950959557677,0.033232339371826604,0.1511344031769799,0.0015298981152957261,1.4330262686761497,0.07142857142857142,0.27083333333333337,2.142857142857143,0.44940476190476186,0.3163265306122449,0.03609223246913221,0.027594579031902867,6.857524169135119,0.15904761904761905,1.9631578947368422,0.5890350877192991,0.21027614305115433,0.05165573352018764,0.03548643454408412,9.814589368835652,0.31047619047619046,1.9411764705882353,0.4951754385964914,0.20167496604798554,0.05036362919929621,0.042311077598821134,9.56908954786628,0.22122655122655122,2.1894736842105265,0.5610526315789481,0.16772295156179268,0.034758325780924755,0.022732259354971213,6.6040818983757035,0.2384126984126984,2.1052631578947367,0.521491228070176,0.18469895880488907,0.020979477436144308,0.014645766361605651,3.986100712867419,0.2769444444444445,2.0789473684210527,0.5728070175438599,0.24400181077410593,0.05691289517371111,0.046150829645287585,0.3157774812017838,10.813450083005112,0.3185714285714286,1.8526315789473684,0.6070175438596493,0.21367134449977365,2.2380213214512903e-10,1.6372972342875257e-09,2.684527401775186e-11,1.1209818797251908e-10,8.663358597985087e-12,3.374295382170912e-11,1.8374299273985125e-12,8.50694978079945e-12,4.507080501213733e-13,1.7046976780730895e-12
0.036283928629555394,0.02153439407611943,0.08505582500569643,0.003613163633996289,1.0159500016275511,0.0,0.0,2.0952380952380953,0.4523809523809523,0.22448979591836735,0.07018137773064542,0.07165722350852236,13.33446176882263,0.3998124098124098,2.1578947368421053,0.5643859649122809,0.19126301493888637,0.03968175378063009,0.027544285291887183,7.539533218319717,0.35398989898989897,2.0210526315789474,0.5815789473684218,0.24038026256224534,0.05185463740729383,0.04094766846288913,9.852381107385828,0.3495923520923521,1.9415204678362572,0.5412280701754388,0.17406066093254868,0.027303456062114206,0.018454926208447832,5.187656651801699,0.29430735930735935,1.9064327485380117,0.5469298245614035,0.23653236758714352,0.018908375721048008,0.015326423963616963,3.5925913869991213,0.5107359307359307,1.931578947368421,0.5938596491228079,0.25554549569941154,0.03982018129207005,0.036301391677686694,0.27658604863122943,7.56583444549331,0.29150793650793644,1.8830409356725146,0.5508771929824561,0.2492077863286555,3.0504034253287938e-12,3.5299317577986304e-12,9.11827207260558e-13,4.186046157168957e-13,1.2354369559377857e-12,1.0287786737379482e-12,3.3225566481132783e-13,2.329983292019501e-13,1.553108547480302e-13,1.997266009695732e-13
0.03987151645919264,0.027631073206264598,0.09898766316200644,0.0017252042576739038,1.116402460857394,0.0,0.0,1.9047619047619047,0.47023809523809523,0.22448979591836735,0.06275049297668833,0.05371294972275106,11.922593665570783,0.44648629148629143,1.75,0.47017543859649136,0.1722498868266184,0.04733638399243446,0.033076233018359096,8.993912958562547,0.38480158730158726,1.9894736842105263,0.5850877192982459,0.20937075599818922,0.125347310857137,0.09428828278383537,23.81598906285603,0.3558943833943834,1.625,0.43771929824561406,0.07808963331824353,0.04298225626564376,0.028385062758099083,8.166628690472315,0.35297619047619044,1.7573529411764706,0.46973684210526323,0.1724762335898596,0.029285984728430234,0.02320818096336561,5.564337098401745,0.26579004329004324,1.9894736842105263,0.5872807017543868,0.22249886826618376,0.0404941588044523,0.036881953800236164,0.180169916343869,7.693890172845936,0.2318253968253968,1.8830409356725146,0.5500000000000004,0.2179719330013581,6.488182499558872e-12,1.8298083664189e-11,7.63825695318663e-13,1.1393973580753362e-12,5.48248501843876e-13,5.137409241097861e-13,2.181251933155063e-13,2.8802559273631067e-13,9.54036307139873e-14,9.162236792085504e-14
0.05722934986305318,0.04041031322234571,0.13961134077666743,0.000976530711890889,1.6024217961654892,0.21428571428571427,0.1875,1.6,0.3869047619047619,0.12244897959183669,0.09164946316509022,0.09516431202713026,17.413398001367142,0.36248917748917747,1.7333333333333334,0.4263157894736842,0.12879130828429153,0.06340082816657215,0.046110227126583636,12.046157351648707,0.34320707070707074,1.8300653594771241,0.5078947368421055,0.18085106382978722,0.1683465279193557,0.10262731155770086,31.98584030467758,0.3252056277056276,1.7279411764705883,0.4728070175438596,0.10525124490719784,0.05831858543530142,0.04419610726615769,11.08053123270727,0.23456349206349209,2.065359477124183,0.4838596491228073,0.17609778180172023,0.0311578399140653,0.02439800657941197,5.919989583672407,0.2433730158730159,2.0105263157894737,0.580701754385966,0.21978270710728834,0.013525121680866335,0.014207305090904225,0.09221705022622961,2.5697731193646036,0.38785714285714284,1.9298245614035088,0.5438596491228074,0.21435038478949753,2.6474600357650995e-12,4.147220192163392e-12,3.4816675883491333e-13,2.387352047818459e-13,4.838939320969217e-13,4.680082499130004e-13,1.953661859399235e-13,2.4565147751647625e-13,6.721454377295832e-14,9.779533559232128e-14
0.06269908438620395,0.033419099528804196,0.13856970801731713,0.010513980664691905,1.7555743628137104,0.07142857142857142,0.4583333333333333,1.6666666666666667,0.38095238095238093,0.20408163265306123,0.049944234956715704,0.0355173292662923,9.489404641775984,0.3538131313131313,2.0157894736842104,0.5833333333333339,0.19103666817564507,0.0640811445625228,0.049607827497624345,12.175417466879331,0.3306471306471306,1.7712418300653594,0.5157894736842106,0.1527840651878678,0.038304674155686405,0.03414408596981945,7.277888089580417,0.36708874458874463,1.9532163742690059,0.5407894736842107,0.18764146672702578,0.050175175904019015,0.03746119823331515,9.533283421763613,0.3674958374958375,2.0,0.5842105263157897,0.1736079674060661,0.052495892574768846,0.04371328528788774,9.974219589206081,0.3708802308802309,1.9064327485380117,0.5464912280701756,0.1831145314622001,0.03555736775290004,0.02901464959014642,0.12991113570521792,6.755899873051008,0.31337301587301586,1.8654970760233918,0.552631578947369,0.22114078768673606,1.2282808613678153e-11,3.941624549452492e-11,8.867969255005199e-12,9.741306067669424e-12,6.90598464543512e-12,7.574031813944626e-12,7.281188184067568e-13,6.242816548014839e-13,3.237256936801937e-13,5.142733631663023e-13
0.10759624640194933,0.06328963026021218,0.20289053090719703,0.003482959539077504,3.0126948992545812,0.4642857142857143,0.1875,1.6,0.3869047619047619,0.12244897959183669,0.039110397653585156,0.03203291385599045,7.430975554181179,0.29306998556998554,2.0058479532163744,0.535263157894737,0.18854685377999097,0.10912473723614399,0.08055479542005962,20.733700074867357,0.4735456210456211,1.6911764705882353,0.4771929824561404,0.16319601629696695,0.06958569399639199,0.04862679946058221,13.221281859314477,0.31412087912087916,1.9415204678362572,0.542982456140351,0.1810774105930285,0.0650694964356629,0.04620762021059352,12.36320432277595,0.3291849816849816,1.9181286549707601,0.5460526315789476,0.2333635129017655,0.04574275439909954,0.04545033614625422,8.691123335828912,0.30372655122655123,1.9649122807017543,0.5394736842105264,0.2598460842009959,0.05052467110616945,0.0417332807238725,0.21096318479216172,9.599687510172195,0.42811688311688306,1.7777777777777777,0.5149122807017545,0.1607062019013128,1.7374347215791817e-09,6.4777543334901454e-09,2.2845731848968004e-10,5.518595837830437e-10,7.449975211486883e-11,1.866256878799112e-10,2.6968106259860357e-11,9.462207019646809e-11,1.2424012411745168e-11,4.66034532732463e-11
0.10513631903723372,0.05915623644847338,0.19416685654763843,0.005110510725562319,2.943816933042544,0.5714285714285714,0.16666666666666666,1.8571428571428572,0.4761904761904762,0.20408163265306123,0.08736489183637458,0.07138026162006361,16.59932944891117,0.4662454212454213,1.7279411764705883,0.47280701754385956,0.11181530104119508,0.11419670069676321,0.077398814387766,21.69737313238501,0.4254118104118104,1.8235294117647058,0.5087719298245613,0.18175645088275239,0.09074488734775972,0.05395762033742962,17.241528596074346,0.29662698412698413,2.0233918128654973,0.5328947368421058,0.18583069262109553,0.08614594165828621,0.06587960178854656,16.36772891507438,0.32779859029859026,1.8596491228070176,0.5535087719298246,0.1559529198732458,0.04733227228417387,0.04551659717266141,8.993131733993035,0.33373015873015877,2.017543859649123,0.5333333333333334,0.2220461747397012,0.04283988836712073,0.03354262171860789,0.1495068519904951,8.139578789752939,0.2765476190476191,1.7333333333333334,0.42631578947368437,0.10434585785423267,1.3696671949513529e-11,1.0336399889311613e-11,1.5498616148574088e-11,1.724840858830014e-11,9.16193922497953e-12,8.986052184180675e-12,1.0774041293085788e-12,1.2013182911082273e-12,4.28997784686731e-13,6.376811561313961e-13
0.12261738131664242,0.053396952816229776,0.2039972657140067,0.01539663422414635,3.4332866768659875,0.6428571428571429,0.0,2.0952380952380953,0.4523809523809523,0.22448979591836735,0.06563794010268992,0.04792605820205521,12.471208619511085,0.26891053391053393,1.75,0.47017543859649114,0.1674966047985514,0.12344290464777224,0.08295285148345032,23.454151883076726,0.4673232323232323,1.7647058823529411,0.5166666666666667,0.15097329108193752,0.09489617080036115,0.060487296709998216,18.03027245206862,0.42192474192474194,1.935672514619883,0.5434210526315791,0.20982344952467183,0.10983246502049858,0.07588836758872386,20.86816835389473,0.36978687978687974,1.7516339869281046,0.5184210526315789,0.14124038026256225,0.02949551052854297,0.02138303217625276,5.604147000423164,0.3408405483405484,1.936842105263158,0.5929824561403513,0.25056586690810323,0.029413105042153578,0.02744474485961755,0.12724195175938283,5.58848995800918,0.40075036075036075,1.7712418300653594,0.5157894736842106,0.20688094160253506,1.0667114581990212e-11,1.8943137436482536e-11,1.0442866831757876e-11,1.3100216056653039e-11,7.6123364989473e-12,7.772196758701188e-12,7.736089716684981e-13,1.0196684043353115e-12,2.1833719528300246e-13,2.948669837223939e-13
0.04715480801871219,0.04160617450782085,0.13603072816640083,0.006542755769668956,1.3203346245239413,0.17857142857142858,0.0,2.0,0.4613095238095237,0.21428571428571427,0.04436087778118516,0.03670279062477958,8.42856677842518,0.4654040404040404,1.7647058823529411,0.468421052631579,0.17926663648709826,0.041949532207524766,0.03168155056966731,7.970411119429706,0.22297258297258296,1.9707602339181287,0.5377192982456143,0.20076957899502038,0.08330235275373095,0.05612873871136073,15.827447023208881,0.2877991452991453,1.8823529411764706,0.5026315789473682,0.14870982344952466,0.026585277685930594,0.019654317798983748,5.051202760326813,0.30968253968253967,2.0842105263157893,0.5729824561403514,0.2537347215934812,0.018468936900697105,0.015708168471144646,3.50909801113245,0.28612554112554106,2.0157894736842104,0.5824561403508777,0.23517428700769577,0.03739975569600085,0.03020541518031952,0.14677256599720062,7.105953582240161,0.38841991341991344,1.8104575163398693,0.5105263157894736,0.14689904934359438,5.829290708789558e-12,7.573039370196312e-12,1.8947185036074382e-12,8.364250758426472e-13,4.000238262708002e-12,3.945966483442952e-12,4.123125047893701e-13,3.3862446830112596e-13,1.7911941764481326e-13,2.437729824972752e-13
0.038000995131296886,0.03345214791611506,0.12691644152208587,0.0007486735457830149,1.0640278636763127,0.07142857142857142,0.20833333333333331,1.4,0.32142857142857145,0.2857142857142857,0.04838486959888574,0.03316258704214875,9.19312522378829,0.22912698412698412,2.026315789473684,0.5780701754385974,0.24445450430058852,0.042858562375470914,0.030552619430566554,8.143126851339474,0.2639285714285714,1.875,0.46578947368421053,0.19895880488909007,0.053638090865326137,0.03868188414805456,10.191237264411965,0.32979242979242984,1.9649122807017543,0.5390350877192983,0.20303304662743327,0.028970925082962284,0.023655070336095995,5.504475765762834,0.3658838383838384,1.9281045751633987,0.4969298245614038,0.18311453146220005,0.014507648633970591,0.012107074655385203,2.7564532404544124,0.2326190476190476,2.1,0.570350877192983,0.2931190583974649,0.03356593038535273,0.02880244735795252,0.12359623710165685,6.377526773217018,0.40268398268398264,2.0292397660818713,0.5328070175438598,0.22861023087369853,9.837426116406038e-12,1.991688544340746e-11,1.5167879284857507e-12,5.993364386131732e-13,1.8085359982815438e-12,1.126156657881459e-12,3.384036184513869e-13,2.7750376596892895e-13,1.1544481976076934e-13,1.2675595009882137e-13
0.03796960664412896,0.03872839305947392,0.1592070570619446,9.76530711890889e-05,1.063148986035611,0.10714285714285714,0.0,1.6,0.3511904761904762,0.40816326530612246,0.04115237476850226,0.03539236111023903,7.818951206015429,0.24309523809523811,2.036842105263158,0.5798245614035089,0.2548664554096876,0.04293599954771209,0.033525211146902954,8.157839914065297,0.2936435786435786,1.976608187134503,0.5385964912280706,0.2095971027614305,0.07171127584594114,0.04892195914070426,13.625142410728817,0.4227128427128427,1.9019607843137254,0.5000000000000004,0.19284744228157538,0.039192974461152066,0.030052028410082643,7.4466651476188925,0.2595454545454545,2.0526315789473686,0.5769298245614044,0.2428700769578995,0.020575159457185983,0.021762738506253952,3.9092802968653366,0.39425824175824176,1.9263157894736842,0.596052631578948,0.2537347215934812,0.06541899163781333,0.04897547030732134,0.189284202988184,12.429608411184532,0.4539553093964859,1.8421052631578947,0.6087719298245617,0.19081032141240378,5.9914446275573795e-12,8.779565579511462e-12,1.5012940626495932e-12,6.051617272010138e-13,2.2347423258865385e-12,1.9259854321176805e-12,3.0966236561135043e-13,2.534775296056774e-13,1.337637728505425e-13,2.045888976786268e-13
0.03392746701883774,0.033401221683065425,0.12424725757625077,0.002831939064483578,0.9499690765274567,0.07142857142857142,0.1875,2.0,0.4613095238095236,0.21428571428571427,0.04006996756890109,0.03032099541063361,7.613293838091207,0.1954761904761905,2.0,0.5828947368421059,0.23517428700769583,0.04550667381647048,0.034946353928604186,8.646268025129391,0.2791666666666666,2.0526315789473686,0.5754385964912284,0.2849705749207786,0.11262140246942348,0.06920060757658657,21.39806646919046,0.3555952380952381,2.0292397660818713,0.5315789473684215,0.2238569488456315,0.0436091204542067,0.03452669865631246,8.285732886299273,0.2409065934065934,1.9421052631578948,0.5921052631578951,0.21910366681756452,0.022478537739485594,0.02385109509758632,4.270922170502263,0.2401984126984127,1.9789473684210526,0.5872807017543861,0.21050248981439565,0.0404657194889832,0.03057513999896731,0.16656358842485597,7.688486702906808,0.24976190476190477,1.9239766081871346,0.5456140350877194,0.20167496604798552,5.0752795272542246e-12,5.310383715204257e-12,2.2213709722650222e-12,9.335427914867192e-13,4.242420183755358e-12,4.023736344334139e-12,3.8536664074516397e-13,3.620499176416088e-13,4.9537273805942724e-14,5.772513204554998e-14
0.04869865657274921,0.033532138730581224,0.11617460369128609,0.0014647960678363335,1.363562384036978,0.10714285714285714,0.0,1.9333333333333333,0.38392857142857134,0.37755102040816324,0.05743936515224456,0.04218154219539318,10.913479378926468,0.29634920634920636,1.8562091503267975,0.5043859649122812,0.21525577184246264,0.04462882410283382,0.031549447025271585,8.479476579538426,0.3695238095238095,2.094736842105263,0.5716666666666674,0.24513354459031236,0.08600340243858565,0.0535439518869602,16.34064646333127,0.2610642135642135,2.0473684210526315,0.5785087719298252,0.22544137618832047,0.037485416284763214,0.032724651417125994,7.12222909410501,0.21906926406926405,2.0894736842105264,0.5719298245614042,0.20823902218198276,0.04050084033037576,0.04291236872281869,7.695159662771394,0.3412301587301587,2.0526315789473686,0.528508771929825,0.21978270710728837,0.04596204550633118,0.03698539703600594,0.1484652192311448,8.732788646202923,0.34355339105339106,1.8235294117647058,0.5092105263157896,0.16183793571751923,9.90769132440532e-12,2.3869428960466386e-11,1.6190880112803355e-12,6.621841633215268e-13,2.368483405529398e-12,1.787352748927057e-12,4.779297019509979e-13,4.057004312437554e-13,3.223138522766679e-13,4.963485180551647e-13
0.03589447888136082,0.026787307008875223,0.12372644119657564,0.004068877966212038,1.0050454086781029,0.07142857142857142,0.0,1.9333333333333333,0.38392857142857134,0.37755102040816324,0.039465889096948946,0.031017727822906398,7.4985189284202995,0.2666233766233766,2.0473684210526315,0.5771929824561411,0.2243096423721141,0.036462971497295694,0.02607392288306116,6.9279645844861815,0.31107142857142855,1.935672514619883,0.5421052631578956,0.25622453598913536,0.08641765704584042,0.06260124453576843,16.41935483870968,0.3303030303030304,1.675,0.4324561403508773,0.1133997283838841,0.032237677296003596,0.02517871884958455,6.125158686240683,0.26349206349206344,1.9415204678362572,0.5412280701754391,0.25147125396106834,0.019715812430721995,0.017239441128960677,3.7460043618371794,0.358531746031746,2.0105263157894737,0.5802631578947377,0.2618147448015123,0.06535800129861452,0.05361858591961694,0.25048012760001304,12.41802024673676,0.37331501831501834,1.9019607843137254,0.4991228070175441,0.13377093707559984,3.7794025815697745e-10,1.927188852768765e-09,2.2290508485209314e-10,1.1774551960382153e-09,6.408482133503646e-11,2.9424494755318557e-10,1.4709855095316743e-11,7.215364587834917e-11,4.29130353576777e-12,2.021067558556684e-11
0.10024669025840861,0.055610467135746654,0.207610429348003,0.00563132710523746,2.8069073272354412,0.5714285714285714,0.35833333333333334,1.5333333333333334,0.39285714285714285,0.07142857142857145,0.036183032693220304,0.027416867028941756,6.874776211711858,0.29539682539682544,1.9157894736842105,0.5964912280701761,0.27455862381167945,0.10290235206844625,0.09281107882867405,19.551446893004787,0.3252075702075702,1.8300653594771241,0.5083333333333332,0.17134449977365324,0.1537451666012791,0.14357847202361293,29.211581654243027,0.4493253968253968,1.7777777777777777,0.5657894736842104,0.13014938886373925,0.06576077738697515,0.1065049553548144,12.494547703525278,0.41634920634920636,1.9415204678362572,0.544736842105263,0.18650973291081935,0.04767954031101647,0.03668414259291805,9.05911265909313,0.35914529914529914,1.9210526315789473,0.5956140350877193,0.1953372566772295,0.06788396074003895,0.07083342228284656,0.4328960645812311,12.897952540607402,0.3576770451770452,1.8300653594771241,0.5078947368421051,0.21978270710728837,1.653900047277796e-11,3.353412675551189e-11,5.5678513306209826e-12,3.2664828702430782e-12,7.660751502132775e-12,8.92248760949725e-12,5.110350969325608e-13,3.596475173940687e-13,1.4307424228209398e-13,2.1614338855920244e-13
0.04648867456881518,0.0400887337891777,0.1724227726962013,0.004329286156049608,1.3016828879268252,0.07142857142857142,0.0,1.6,0.38690476190476186,0.07142857142857145,0.042822242285835685,0.02977749630581453,8.13622603430878,0.4116483516483516,1.935672514619883,0.5425438596491233,0.27093707559981894,0.04449964793498019,0.033621588922622264,8.454933107646236,0.25023809523809526,2.0157894736842104,0.5811403508771935,0.26052512449071974,0.057683326509039755,0.04580964066279897,10.959832036717554,0.2627489177489178,2.0526315789473686,0.5750000000000003,0.18311453146220008,0.038966316543286875,0.031740235894493776,7.403600143224506,0.300515873015873,2.031578947368421,0.5785087719298249,0.2632412856496152,0.02509769590148347,0.019334168353255094,4.76856222128186,0.3270238095238095,2.036842105263158,0.5776315789473693,0.23381620642824807,0.04653528616632889,0.03723157707164998,0.1898701214153185,8.84170437160249,0.2463095238095238,2.0210526315789474,0.5807017543859656,0.24966047985513806,8.11987364757675e-12,9.017799257862579e-12,1.9300605024261892e-12,7.244158043363478e-13,1.568952980433127e-12,9.843487317557133e-13,7.278921871102105e-13,7.472751646242435e-13,1.0345585984767196e-13,7.27956095307421e-14
0.05390449529637707,0.032025469426826096,0.12932521727808338,0.0016601022102145113,1.509325868298558,0.07142857142857142,0.0,2.2857142857142856,0.43869047619047613,0.21428571428571427,0.05051627636847074,0.03678064619786224,9.59809251000944,0.35368131868131863,1.8654970760233918,0.5526315789473688,0.2043911272068809,0.047111953249877075,0.033072889078177035,8.951271117476644,0.34158730158730155,2.08187134502924,0.5251754385964916,0.2913082842915346,0.04384588632154586,0.03352601900099817,8.330718401093714,0.3125,2.163157894736842,0.5618421052631584,0.3390674513354459,0.04332644051129093,0.0330575446694286,8.232023697145276,0.30154761904761906,2.2842105263157895,0.5491228070175445,0.24332277048438208,0.028310824585959547,0.024162622576815083,5.379056671332314,0.33117243867243873,1.7352941176470589,0.4719298245614037,0.15459483929379805,0.005380512901341274,0.004906065857031505,0.035122554604342306,1.022297451254842,0.35638888888888887,2.0701754385964914,0.5273684210526319,0.24287007695789947,5.799701906381759e-12,9.27607143160469e-12,1.2617822506113586e-12,4.88946515575827e-13,1.1470374302402932e-12,6.102797128469936e-13,5.913695319306676e-13,6.280008415281812e-13,9.54421216629242e-14,6.434981274271406e-14
0.05921612484712645,0.04237411601076457,0.14924644380065752,0.007714592623938023,1.6580514957195405,0.25,0.0,1.9047619047619047,0.47023809523809523,0.22448979591836735,0.04222587326687214,0.030260187106405306,8.022915920705707,0.3146284271284271,1.976608187134503,0.5385964912280706,0.23110004526935263,0.04635077325813476,0.03065110430857592,8.806646919045605,0.2963888888888889,1.9684210526315788,0.588596491228071,0.2555454956994115,0.073876261566321,0.0612031948035015,14.03648969760099,0.46961399711399715,1.8300653594771241,0.5078947368421053,0.22815753734721592,0.03183335931704526,0.025622940026524654,6.048338270238599,0.3756385281385282,2.046783625730994,0.5293859649122808,0.2148030783159801,0.036534755070678555,0.030668367299428425,6.941603463428926,0.2864682539682539,2.0473684210526315,0.5763157894736846,0.25509280217292896,0.023613540540586852,0.022761722023783588,0.09859705087725008,4.486572702711502,0.4375613275613275,1.8771929824561404,0.5508771929824565,0.18854685377999095,4.445328773307609e-12,2.8460528503995105e-12,1.2417869983397118e-12,5.56446797518891e-13,8.873091562414653e-13,7.128828301715463e-13,3.7093974681482043e-13,2.0135814039112066e-13,8.23104005692233e-14,6.007916398613054e-14
0.0329951126962943,0.019918979612138312,0.08212623287002377,0.0009439796881611927,0.9238631554962404,0.0,0.0,2.1904761904761907,0.4476190476190475,0.21428571428571427,0.03648421532330876,0.02937642047712099,6.9320009114286645,0.3273412698412698,2.0292397660818713,0.5311403508771937,0.23019465821638752,0.03037336024217961,0.023522332869604205,5.770938446014126,0.273452380952381,2.0526315789473686,0.5767543859649131,0.2768220914440923,0.10156690348964108,0.06950760155014639,19.297711663031805,0.4033608058608058,1.6583333333333334,0.43421052631578955,0.14146672702580354,0.02842389656312586,0.02361792549420521,5.400540346993913,0.2945238095238095,1.9941520467836258,0.5346491228070184,0.22793119058397465,0.031181310915386184,0.02326516645947863,5.924449073923375,0.39965728715728716,1.8235294117647058,0.5087719298245618,0.23155273879583518,0.035023873606088066,0.028435633716191778,0.1969662445883923,6.654535985156732,0.2946428571428571,1.9005847953216375,0.5482456140350885,0.22657311000452693,3.5723286080793267e-12,2.4481512938517702e-12,9.823351999127905e-13,3.2311463750995815e-13,9.223723122837867e-13,8.030028928227897e-13,4.867961501874412e-13,3.2192381911838213e-13,7.747267073434213e-14,7.055784489403108e-14
0.05273498351523156,0.036163718504291426,0.1204062367761466,0.0032876533966993264,1.4765795384264837,0.10714285714285714,0.0,2.0,0.4613095238095237,0.21428571428571427,0.04563345148783877,0.03383974103603718,8.670355782689366,0.30158730158730157,2.0473684210526315,0.5785087719298253,0.24377546401086464,0.06017639228437945,0.04923451801744071,11.433514534032096,0.26055555555555554,2.0058479532163744,0.5320175438596495,0.24409262759924386,0.2406812415303093,0.1407540746178329,45.729435890758765,0.5522727272727274,1.6985294117647058,0.47631578947368414,0.15323675871435036,0.06568436814179911,0.06609216105418184,12.48002994694183,0.43302308802308803,1.7720588235294117,0.467982456140351,0.19443186962426434,0.053787482932127706,0.06205193083010007,10.219621757104264,0.27706349206349207,1.786764705882353,0.46578947368421053,0.16319601629696692,0.08625198946717404,0.0640792326240387,0.36069789394876467,16.387877998763067,0.39188949938949935,1.7279411764705883,0.47280701754385945,0.14961521050248983,7.268012360154986e-12,2.2359260675336732e-11,2.8675023604669195e-12,2.1761888916567175e-12,5.177756509850913e-12,6.037079873065976e-12,5.241330348453232e-13,3.7292392197241857e-13,2.1360348016586357e-13,2.955992303422551e-13
0.047014141094737415,0.023835828745959443,0.09638358126363074,0.008235409003613164,1.3163959506526477,0.0,0.1875,2.0476190476190474,0.4583333333333333,0.21428571428571427,0.04126647467273372,0.030978134646071426,7.840630187819406,0.3084523809523809,1.912280701754386,0.5464912280701759,0.2179719330013581,0.047360197636110386,0.03625551919158653,8.998437550860974,0.2951190476190476,2.0584795321637426,0.5301754385964915,0.23245812584880035,0.21594743180988835,0.13328552834171772,41.030012043878784,0.41131257631257634,1.7058823529411764,0.475438596491228,0.15708465368945224,0.047143647667719155,0.03448612585047903,8.95729305686664,0.2977777777777778,2.0,0.5346491228070178,0.20258035310095063,0.03383850237879455,0.02464808715297035,6.4293154519709645,0.33396825396825397,1.9842105263157894,0.5868421052631582,0.2587143503847895,0.08086119729518125,0.06143372706335383,0.22717359460955047,15.363627486084438,0.4017532467532467,1.9150326797385622,0.4978070175438597,0.14644635581711182,3.791713813251832e-12,6.639946613571566e-12,1.6726294461151075e-12,9.831796690276591e-13,5.3292126637780344e-12,6.7323692223549315e-12,3.7604348528733283e-13,2.3327460794737306e-13,1.6453758197909924e-13,1.8506822832056276e-13
0.04060507702967258,0.02712907575586468,0.08902704990071937,0.002311122684808437,1.1369421568308322,0.0,0.2708333333333333,1.6666666666666667,0.38095238095238093,0.20408163265306123,0.05909244319418056,0.047964382562032455,11.227564206894307,0.24908424908424903,1.8496732026143792,0.506578947368421,0.1527840651878678,0.03887774349450659,0.029623627807000133,7.386771263956252,0.3837914862914863,2.0409356725146197,0.5313157894736849,0.2098234495246718,0.21610710314734136,0.12793249298154621,41.06034959799486,0.4003841991341991,1.8128654970760234,0.5605263157894737,0.14373019465821638,0.040606202854553464,0.030889497593039973,7.715178542365158,0.38584415584415577,2.142105263157895,0.5666666666666669,0.24309642372114082,0.03630295751748761,0.03467004494337802,6.897561928322646,0.28019480519480516,1.8421052631578947,0.556140350877193,0.2111815301041195,0.08549063815425416,0.059384288777032,0.2797760489567397,16.24322124930829,0.5139213564213565,1.9239766081871346,0.544736842105263,0.17904028972385694,3.1623320031867067e-12,2.5968440904973572e-12,2.3126333514892045e-12,1.4370311702881093e-12,6.6346891401408365e-12,9.045607766073171e-12,5.059585131931433e-13,3.1254157542148856e-13,2.3779717314320423e-13,2.7598118563252004e-13
0.050742395848349435,0.031462811501334474,0.11012011327756258,0.0010090817356205853,1.4207870837537842,0.07142857142857142,0.20833333333333331,1.6666666666666667,0.380952380952381,0.12244897959183669,0.049952287052059376,0.03613135220441928,9.490934539891281,0.2865079365079365,2.0116959064327484,0.5324561403508775,0.2172928927116342,0.05283322397331501,0.039461343381155874,10.038312554929853,0.24795093795093798,2.017543859649123,0.5333333333333337,0.18832050701674968,0.1732648162837353,0.12155789095601079,32.92031509390971,0.33002886002886,1.8366013071895424,0.5074561403508773,0.16251697600724307,0.04063481349120009,0.03173073768242034,7.720614563328017,0.3146176046176047,2.0842105263157893,0.571929824561404,0.24015391579900408,0.05457830148758178,0.04298665111506566,10.36987728264054,0.19277777777777777,1.9684210526315788,0.5894736842105267,0.12086917157084653,0.059165768658161144,0.04974713561123633,0.30405911265909313,11.241496045050617,0.36706349206349204,1.8300653594771241,0.5078947368421054,0.24830239927569034,4.482398174795756e-12,4.932431174923456e-12,2.6803938585884526e-12,1.5917588417163127e-12,6.295933032522352e-12,8.600675813089571e-12,4.307595120713286e-13,2.0069856612951166e-13,1.5625386254810163e-13,8.517331653258234e-14
0.05329997628425414,0.04228050099433741,0.14182481039028677,0.0008788776407018001,1.492399335959116,0.14285714285714285,0.0,2.5714285714285716,0.5172619047619046,0.30612244897959184,0.06325177874212565,0.0454895542470334,12.017837961003874,0.3067532467532467,2.0326797385620914,0.48614035087719304,0.1749660479855138,0.052371684721063426,0.04067344623298833,9.950620097002052,0.32497474747474747,1.8431372549019607,0.5070175438596496,0.17745586238116795,0.12288336968197648,0.08347384687919603,23.347840239575532,0.38992424242424245,1.8300653594771241,0.5078947368421052,0.12426437301946586,0.03080166318599141,0.02266199082403865,5.852316005338368,0.3675505050505051,1.8830409356725146,0.5491228070175442,0.26157844990548207,0.037499635942497764,0.03118857122462944,7.124930829074575,0.4126556776556776,1.7712418300653594,0.5157894736842105,0.1448619284744228,0.04617448376646182,0.03467082847762266,0.16076950620097002,8.773151915627746,0.35030663780663784,2.0350877192982457,0.5315789473684208,0.2193300135808058,2.5725767162669967e-12,3.003830168760844e-12,1.2615568465865252e-12,8.366132226652979e-13,3.2911294527844063e-12,4.046760300038469e-12,3.5563551133870493e-13,1.5321732776725e-13,1.475223674333164e-13,8.02178539707278e-14
0.040358619278576306,0.021792365514849844,0.10523745971810813,0.00042316330848605186,1.1300413398001365,0.03571428571428571,0.3125,1.6666666666666667,0.38095238095238093,0.20408163265306123,0.047948171917375215,0.034145047801212275,9.11015266430129,0.3580952380952381,2.057894736842105,0.5750000000000004,0.24060660932548664,0.050845041708140665,0.03681000481901416,9.660557924546726,0.3838344988344988,1.7450980392156863,0.5192982456140351,0.1699864191942055,0.21692190666764893,0.1234683155447783,41.2151622668533,0.35535464535464534,1.713235294117647,0.4745614035087719,0.1369397917609778,0.04239428198437893,0.028155417376034393,8.054913577031996,0.26654761904761903,2.136842105263158,0.5653508771929828,0.27953825260298776,0.040113483147992374,0.0288408077801742,7.621561798118551,0.3702525252525252,1.908496732026144,0.5,0.17315527387958352,0.08406901502315405,0.059991370852899455,0.315647277106865,15.973112854399268,0.18866161616161617,1.786764705882353,0.46622807017543866,0.13331824354911723,3.961898265569166e-12,6.677994497805798e-12,2.3543875968080553e-12,1.441042107293548e-12,5.262175837427853e-12,6.062398997960739e-12,4.174952185722476e-13,2.036315683018558e-13,1.0720720983919704e-13,6.624948118721639e-14
0.057397917664510564,0.030498437026364657,0.1329709319358094,0.003482959539077504,1.6071416946062957,0.07142857142857142,0.3583333333333333,1.5333333333333334,0.39285714285714285,0.07142857142857145,0.05752142799627891,0.050106381502322266,10.929071319292992,0.5053663003663004,1.8245614035087718,0.5587719298245617,0.15233137166138522,0.04948852062449996,0.02934656261893217,9.402818918654992,0.3407828282828283,1.912280701754386,0.5464912280701759,0.19782707107288366,0.05748493658546615,0.037070995708558575,10.922137951238568,0.4197943722943724,1.9005847953216375,0.548245614035088,0.17949298325033952,0.028286668299928562,0.022863361562866176,5.374466976986427,0.34827838827838825,1.8771929824561404,0.5517543859649123,0.20258035310095063,0.027110205773866327,0.02337040639342185,5.150939097034602,0.22464285714285714,1.9005847953216375,0.5482456140350881,0.22249886826618379,0.057571453780116126,0.046102712379372905,0.18309950847954168,10.938576218222064,0.3306998556998557,2.0058479532163744,0.5357017543859651,0.22430964237211407,1.2194412530217243e-09,6.642147089882745e-09,2.666937717332379e-10,1.1464520378040802e-09,3.560282422369869e-11,1.5428744518145084e-10,5.251310262532188e-12,2.5953397099295783e-11,1.641563158856514e-12,5.162311189005797e-12
0.030193399582416867,0.02100183738954065,0.08573939650402006,0.0022460206373490447,0.8454151883076723,0.0,0.0,2.0,0.4613095238095238,0.21428571428571427,0.05812893289178155,0.050445203201250045,11.044497249438495,0.4437728937728938,1.9473684210526316,0.592105263157895,0.24558623811679495,0.028563352001630977,0.02161951191527271,5.427036880309886,0.23892857142857143,2.057894736842105,0.5754385964912292,0.23562698053417833,0.037919372827433316,0.025649055235673596,7.204680837212329,0.5160678210678211,1.9415204678362572,0.5425438596491229,0.2143503847894975,0.020544835608764106,0.01580829637247162,3.90351876566518,0.36188311688311686,1.9181286549707601,0.5434210526315794,0.19187145557655955,0.02815749213207492,0.022775728706057142,5.349923505094234,0.28604978354978355,1.7720588235294117,0.46622807017543894,0.15477315689981097,0.051208585246848126,0.039805875834295026,0.18349012076429805,9.729631196901144,0.4607142857142857,1.9181286549707601,0.5447368421052633,0.2335898596650068,2.2629031358367112e-12,3.336844291381805e-12,7.152960200244891e-13,4.939801778701378e-13,7.335188282226243e-13,4.883579506485382e-13,3.103218228221466e-13,1.444992514811706e-13,1.310943648554504e-13,1.157707427124852e-13
0.04234306918952601,0.03348830664352128,0.11750919566420363,0.001204387877998763,1.1856059373067283,0.10714285714285714,0.125,1.8,0.35714285714285704,0.16666666666666666,0.06528022148401831,0.06752963971104073,12.403242081963478,0.44199494949494944,1.7,0.4298245614035088,0.12449071978270712,0.042685014022638385,0.029552351700051226,8.110152664301292,0.34339826839826837,2.0842105263157893,0.5734210526315797,0.18990493435943862,0.03522209220848417,0.025785440306407042,6.692197519611993,0.4162481962481962,2.2,0.5592982456140357,0.26324128564961524,0.025409671765755974,0.020662340748313354,4.827837635493635,0.30924603174603177,1.9824561403508771,0.5368421052631579,0.2304210049796288,0.03730158866127919,0.027605298281169612,7.087301845643045,0.3241305916305916,2.3105263157894735,0.5494736842105267,0.22996831145314622,0.03256609999331847,0.026211538288518427,0.12978093161029913,6.18755899873051,0.323531746031746,1.7647058823529411,0.46842105263157885,0.2034857401539158,2.289837771553229e-12,1.7556799408454169e-12,8.125335283800009e-13,4.39239160949253e-13,8.345486627035499e-13,5.952781283305203e-13,3.1191632540837393e-13,1.2457420998519254e-13,9.604503985976916e-14,6.172524879576417e-14
0.046101549893744154,0.02557240064824636,0.10673480680967416,0.009797858142638586,1.2908433970248363,0.03571428571428571,0.0,2.0,0.4613095238095237,0.22448979591836735,0.07730319908034793,0.06071316638992803,14.687607825266106,0.5367685092685093,1.7352941176470589,0.4719298245614035,0.15391579900407426,0.039678327357079594,0.02729563277345249,7.538882197845123,0.26222222222222225,1.8888888888888888,0.5008771929824561,0.21253961068356725,0.0459774644123084,0.03053910018362099,8.735718238338595,0.34268398268398265,1.8654970760233918,0.5526315789473685,0.1862833861475781,0.030876530540569713,0.023997214642844638,5.866540802708245,0.32756493506493506,2.0,0.5355263157894737,0.17541874151199638,0.03636446182021899,0.02927767173491832,6.909247745841608,0.3940981240981241,1.8627450980392157,0.5039473684210526,0.1550475328202807,0.028534227401451773,0.02548418200244071,0.12932521727808338,5.421503206275837,0.2971031746031746,1.8169934640522876,0.5096491228070178,0.16410140334993206,2.8275086675043453e-12,3.6257291431782524e-12,7.819340945342804e-13,4.959006192781474e-13,8.055210510370579e-13,5.620894085666801e-13,2.597848096339791e-13,1.1521301856692919e-13,8.698457442491712e-14,6.325996836253838e-14
0.027555604123749692,0.017962759084741986,0.06227010839490902,0.001204387877998763,0.7715569154649914,0.0,0.2708333333333333,2.142857142857143,0.4494047619047618,0.3163265306122449,0.05108694721080557,0.037000049920341865,9.706519970053058,0.4029761904761905,1.9239766081871346,0.5447368421052632,0.19624264373019468,0.030111924125276898,0.022009374420619718,5.7212655838026105,0.2599206349206349,2.1052631578947367,0.5677192982456151,0.262523629489603,0.04264835129064809,0.031794766818390226,8.103186745223137,0.3466919191919192,1.8088235294117647,0.46315789473684227,0.17270258035310096,0.023835230144303825,0.022664992379779862,4.528693727417727,0.4652197802197803,1.9298245614035088,0.5442982456140354,0.14893617021276595,0.043707972773638464,0.037335886606151746,8.304514826991308,0.32940476190476187,1.8235294117647058,0.5087719298245613,0.15459483929379808,0.03829199638854958,0.031106214168031155,0.17222746655382312,7.2754793138244205,0.23536075036075035,1.8654970760233918,0.5526315789473689,0.24196468990493433,2.4648692364809645e-12,1.80494382187287e-12,9.3667074327016e-13,4.3662074283309416e-13,7.32833520423841e-13,4.501299040952408e-13,2.961001218071577e-13,1.0669411634618482e-13,8.176851863625116e-14,5.400377961679757e-14
0.02629657702734751,0.023142299251858976,0.10445623514859542,0.0022460206373490447,0.7363041567657304,0.03571428571428571,0.20833333333333331,2.2857142857142856,0.43869047619047613,0.21428571428571427,0.048851034522930485,0.03543493544597054,9.281696559356792,0.35388167388167385,1.9631578947368422,0.5890350877192989,0.23879583521955636,0.025592128819819805,0.020440606830144203,4.862504475765763,0.24237012987012982,1.9415204678362572,0.5416666666666667,0.24377546401086467,0.042865757864926954,0.030019186510215956,8.144493994336122,0.43992784992784995,1.8496732026143792,0.5035087719298245,0.20581285444234404,0.023926886974279547,0.019161286733652003,4.546108525113114,0.2575396825396825,2.0,0.583771929824562,0.23472159348121321,0.035322315097336125,0.027593416249738413,6.711239868493864,0.34341269841269845,2.0526315789473686,0.5295614035087725,0.26165685830692625,0.04855310699521499,0.037059968620871526,0.1996354285342274,9.225090329090849,0.2540476190476191,1.8496732026143792,0.5052631578947374,0.20144861928474422,1.3844509376735071e-09,5.7438482516127495e-09,4.6531485973581827e-10,2.5406840772275904e-09,8.985815388310176e-11,4.5335840580124773e-10,1.0262332675518064e-11,4.900073455330301e-11,2.6141517134537173e-12,1.07977999349474e-11
0.07897575878761388,0.040460559009640525,0.1609648123433482,0.011555613424042186,2.211321246053189,0.39285714285714285,0.3125,1.6666666666666667,0.3809523809523809,0.20408163265306123,0.06101518076954047,0.05741984429714687,11.592884346212688,0.3456204906204906,1.871345029239766,0.5517543859649126,0.19058397464916252,0.06248751496918789,0.04041385356265193,11.872627844145699,0.253015873015873,1.8235294117647058,0.462280701754386,0.1971480307831598,0.09347163520924312,0.06138045961005879,17.759610689756194,0.18845238095238095,1.7908496732026145,0.5131578947368421,0.16885468537799908,0.05859732499113413,0.04531911164265663,11.133491748315485,0.3403030303030303,1.9181286549707601,0.5460526315789477,0.17768220914440924,0.03575524371294109,0.03234681306776132,6.793496305458806,0.5339438339438339,1.6333333333333333,0.4368421052631579,0.1344499773653237,0.0580357341712081,0.04299151889553116,0.1890237947983464,11.02678949252954,0.2986904761904762,1.8496732026143792,0.5061403508771933,0.20869171570846534,4.0600924603720526e-12,6.251441607593532e-12,1.3245613303150451e-12,4.1495892910931516e-13,2.2898524952494737e-12,2.4265082581991997e-12,6.424591075962024e-13,5.839959844853375e-13,1.833495815011447e-13,3.141034396248122e-13
0.075603240221905,0.03894343932130773,0.15165521955665506,0.0026366329221054,2.11689072621334,0.25,0.0,1.6666666666666667,0.38095238095238093,0.12244897959183669,0.04791425032422534,0.03442283277328207,9.103707561602814,0.23464285714285715,2.136842105263158,0.5644736842105268,0.2550928021729289,0.055190260733700085,0.040062949230818524,10.486149539403016,0.3246031746031746,1.7083333333333333,0.4324561403508772,0.15821638750565867,0.08889633184226801,0.06283827278581505,16.890303050030923,0.44150432900432895,1.8596491228070176,0.5535087719298247,0.14146672702580354,0.049963594249776,0.03983368419478418,9.49308290745744,0.2582178932178932,1.9181286549707601,0.5464912280701753,0.19035762788592125,0.02687001348297667,0.023704365947371478,5.105302561765567,0.2742857142857143,1.9421052631578948,0.5921052631578947,0.24535989135355363,0.05482688851617015,0.04661377521422458,0.2711174766446405,10.417108818072329,0.21242063492063493,2.057894736842105,0.5750000000000016,0.2301946582163875,4.875836295724982e-12,5.74470651876156e-12,1.2489990130514274e-12,4.2559959754041333e-13,2.776056455139046e-12,3.0992002066450764e-12,7.063998985368755e-13,7.029957737735496e-13,2.85812051035161e-13,5.248308609740948e-13
0.053783591493952496,0.03654015668168354,0.14638195371244425,0.003808469776374467,1.5059405618306698,0.10714285714285714,0.0,1.9047619047619047,0.4702380952380952,0.22448979591836735,0.05411864676828297,0.04143138804250813,10.282542885973765,0.2463492063492064,1.95906432748538,0.5403508771929826,0.2007695789950204,0.049529809028283404,0.03570231707264636,9.410663715373847,0.2763095238095238,2.0473684210526315,0.5767543859649134,0.2283838841104572,0.06781251980901114,0.046823641838078287,12.884378763712117,0.37545482295482296,2.110526315789474,0.5722807017543862,0.18764146672702578,0.045524148576578,0.03606937296912298,8.64958822954982,0.2931782106782107,1.7712418300653594,0.5162280701754385,0.1747397012222725,0.023436908406558855,0.020864772022592605,4.4530125972461825,0.3191341991341991,1.8362573099415205,0.5570175438596495,0.22249886826618379,0.030754207219817063,0.028393025679848756,0.2504150255525536,5.843299371765242,0.35285714285714287,1.8104575163398693,0.5105263157894739,0.19013128112267993,7.396783691911687e-12,1.3568541591214944e-11,1.259199362472743e-12,4.0758178632991277e-13,1.9884294808772414e-12,2.135325828965972e-12,6.020083827989087e-13,6.074912336381798e-13,1.6623254473776138e-13,1.891497949182195e-13
0.07527889252116979,0.043567770557134546,0.18534552911689073,0.0019856124475114744,2.107808990592754,0.25,0.1875,1.6,0.3869047619047619,0.12244897959183669,0.050343241979170776,0.03889954412073655,9.565215976042447,0.27388888888888885,2.0233918128654973,0.5324561403508776,0.25667722951561794,0.05895607153687088,0.03961202099283703,11.201653592005467,0.33967338217338217,1.8235294117647058,0.5087719298245613,0.17406066093254868,0.09673273382342612,0.06048802226298179,18.379219426450963,0.27679403929403923,1.8304093567251463,0.5578947368421053,0.15504753282028066,0.055226580823335314,0.04239975746838502,10.49305035643371,0.2538378288378288,1.8596491228070176,0.5548245614035088,0.13309189678587593,0.03845012583540489,0.03128418028077466,7.30552390872693,0.308015873015873,1.7794117647058822,0.4666666666666669,0.15323675871435039,0.04629749237192457,0.03517357334804324,0.1971615507307705,8.796523550665668,0.27365079365079364,1.9005847953216375,0.54780701754386,0.16478044363965594,3.5172642011421077e-12,3.560374166512758e-12,1.2838809509868884e-12,3.305847194443526e-13,3.040022198296083e-12,3.176899229959627e-12,6.575043326134818e-13,5.360376173116503e-13,1.1318066386685609e-13,8.398604251461492e-14
0.06777355647835123,0.040878678104799004,0.1520458318414114,0.001204387877998763,1.8976595813938346,0.21428571428571427,0.0,1.6666666666666667,0.38095238095238093,0.12244897959183669,0.05376161343432146,0.043983859932555235,10.214706552521077,0.4126984126984127,1.9842105263157894,0.5859649122807021,0.29945676776822094,0.06249419649511135,0.04057698342898123,11.873897334071156,0.32839826839826836,2.0631578947368423,0.5750000000000008,0.1966953372566772,0.09767602822687721,0.06344381215203697,18.55844536310667,0.25496753246753245,1.8431372549019607,0.5065789473684211,0.12200090538705297,0.04470060767621667,0.040306560644113365,8.493115458481167,0.345967365967366,1.9239766081871346,0.5460526315789477,0.17813490267089183,0.029826331722343197,0.02554452989869277,5.667003027245207,0.3314285714285714,1.9894736842105263,0.585526315789474,0.2555454956994115,0.05661393971893047,0.04768329800668064,0.24995931122033788,10.75664854659679,0.27,1.7843137254901962,0.5140350877192984,0.2098234495246718,4.174760801965352e-12,4.540405891788541e-12,1.3189392214040938e-12,4.4486241585227985e-13,3.057764763092729e-12,3.570175545080204e-12,6.18279672479026e-13,5.827928421805098e-13,1.6150864588042443e-13,1.3546862802228722e-13
0.04693973875478384,0.024383562388555085,0.10959929689788744,0.00738908238664106,1.3143126851339475,0.03571428571428571,0.0,2.0,0.4613095238095237,0.22448979591836735,0.045768795218083295,0.03186969448614184,8.696071091435826,0.2525396825396825,1.8300653594771241,0.5078947368421055,0.20167496604798552,0.04149553108708427,0.027540000340830952,7.884150906546012,0.1817063492063492,2.0210526315789474,0.5807017543859655,0.2537347215934812,0.10272794710972609,0.07021551324607893,19.518309950847957,0.4033849483849483,1.7205882352941178,0.4736842105263157,0.14056133997283837,0.04626511266937241,0.04417650100912536,8.790371407180757,0.31040404040404035,1.8014705882352942,0.4649122807017543,0.17677682209144413,0.041558405959235836,0.038458699371546994,7.896097132254809,0.37876984126984126,1.8421052631578947,0.556140350877193,0.18401991851516522,0.03133018901865516,0.02700580962645883,0.1741154259301455,5.952735913544481,0.3607142857142857,1.9005847953216375,0.5456140350877199,0.24362003780718333,5.587685300733108e-12,1.0046112341094565e-11,1.6709327364552107e-12,8.575093660266543e-13,4.450534208828641e-12,5.796724095198659e-12,7.38591127455588e-13,6.532820839040879e-13,2.7205281711547717e-13,3.0112189990668143e-13
0.027410287053527833,0.019255485950297028,0.06956153771036098,9.76530711890889e-05,0.7674880374987794,0.0,0.20833333333333331,2.238095238095238,0.4416666666666666,0.29591836734693877,0.04816386527987884,0.02959327387498196,9.15113440317698,0.24321428571428574,1.9736842105263157,0.5868421052631585,0.2754640108646446,0.04187517881647904,0.03586475599222607,7.956283975131019,0.40554112554112554,2.168421052631579,0.5660526315789476,0.2132186509732911,0.07733540746172257,0.05714109813089376,14.693727417727288,0.4011782661782662,1.7647058823529411,0.4688596491228069,0.14554096876414668,0.08344780443344942,0.06035780660407742,15.85508284235539,0.30988095238095237,1.6666666666666667,0.4333333333333333,0.11679492983250339,0.02352119842590102,0.022109513696671648,4.469027700921194,0.44901404151404156,2.0,0.5837719298245614,0.21887732005432323,0.04654967714524096,0.03777480623796843,0.1784121610624654,8.844438657595783,0.4488095238095238,2.0292397660818713,0.5315789473684217,0.27546401086464467,1.2006443278413157e-11,4.0051367725987964e-11,1.3908272230341379e-12,2.0136048444336636e-12,1.3172192702129213e-12,8.038323994357815e-13,6.086605278346743e-13,3.9573422324937294e-13,1.887840746622092e-13,2.232130565615504e-13
0.03518068143243105,0.02490319766324259,0.07991276325640441,0.0001627551186484815,0.9850590801080693,0.0,0.25,1.8,0.3720238095238095,0.12244897959183669,0.049991519601712525,0.04065798348208591,9.49838872432538,0.36305860805860807,1.9105263157894736,0.5978070175438601,0.20167496604798552,0.04618561964300093,0.0345268224642331,8.775267732170176,0.3560750360750361,2.0116959064327484,0.5320175438596495,0.22091444092349477,0.07240735379022407,0.05707584750267269,13.757397220142575,0.3238095238095238,1.9883040935672514,0.5333333333333337,0.2715028355387523,0.06193123510576513,0.0422321516150704,11.766934670095374,0.33611832611832615,1.875,0.45789473684210513,0.1285649615210503,0.02501032210094586,0.017227642239058105,4.751961199179713,0.21575396825396825,1.7426470588235294,0.4710526315789475,0.15504753282028064,0.03179995168742794,0.02564638723167313,0.13772338140034504,6.041990820611309,0.30210317460317454,1.894736842105263,0.5486842105263163,0.25011317338162065,5.730085617571703e-12,1.1150506445055449e-11,2.40917988323324e-12,1.974713545770891e-12,6.198320212958809e-12,5.129013454424333e-12,1.0070041831982994e-12,7.102529454058009e-13,6.136913732929169e-14,3.0895732950873344e-14
0.058332597060177536,0.044395640227555835,0.1724878747436607,0.002571530874646008,1.633312717684971,0.14285714285714285,0.0,1.6666666666666667,0.38095238095238093,0.12244897959183669,0.13395517210068886,0.12110141952505056,25.451482699130885,0.4897935397935397,1.7777777777777777,0.5149122807017545,0.14418288818469896,0.060911874099493064,0.04195937643328138,11.573256078903682,0.27765873015873016,1.7794117647058822,0.4671052631578948,0.17270258035310093,0.08209470977335921,0.07223159214669031,15.59799485693825,0.5590911865911865,1.8888888888888888,0.549122807017544,0.23653236758714347,0.029184562591335603,0.023316779419286924,5.5450668923537645,0.32392857142857145,2.0701754385964914,0.5254385964912286,0.27138976912630147,0.03054982105503008,0.022586422753763925,5.804466000455715,0.35729437229437233,1.8830409356725146,0.5504385964912282,0.21367134449977368,0.015899975843713967,0.016185961469988554,0.08238664105986133,3.020995410305654,0.40474025974025973,1.9707602339181287,0.5368421052631582,0.2417296786389414,1.4619822028111958e-12,1.9804478275936075e-12,3.2034993992858775e-13,1.4816147170705552e-13,1.4846519840708128e-12,1.4312015145206173e-12,3.0720363494740285e-13,1.0352910750117736e-13,9.477392010672392e-14,5.1522858555336955e-14
0.05731886517830986,0.03994671823168744,0.17177175222160737,0.002701734969564793,1.604928224992676,0.03571428571428571,0.3333333333333333,1.6,0.38690476190476186,0.07142857142857145,0.10544424437938046,0.0899887596883231,20.03440643208229,0.4707792207792207,1.6666666666666667,0.43333333333333324,0.1500679040289724,0.04191955100145795,0.03274356538591516,7.9647146902770105,0.383015873015873,1.7083333333333333,0.42938596491228076,0.14554096876414666,0.0950539576048614,0.0725805890991048,18.060251944923667,0.2918253968253969,2.126315789473684,0.5687719298245618,0.21050248981439562,0.040663081485491664,0.029571028718166272,7.725985482243416,0.2007142857142857,2.0526315789473686,0.5741228070175443,0.30789224952741023,0.04013147187163247,0.029539128292656907,7.6249796556101685,0.3234559884559885,1.725,0.4271929824561403,0.12494341330918972,0.05747311542421693,0.04807602272997727,0.21916604277204518,10.919891930601217,0.3139754689754689,2.046783625730994,0.5319298245614034,0.19918515165233142,2.7748446248024102e-12,5.209282450531041e-12,5.027986797943913e-13,3.711937537047117e-13,2.4548336530417665e-12,2.4912269741417746e-12,3.3135217504749906e-13,1.5838508894287136e-13,6.757728156105062e-14,3.600237094241307e-14
0.04805926146377304,0.028799239094876947,0.09804368347384525,0.001399694020376941,1.3456593209856451,0.0,0.1875,2.0476190476190474,0.45833333333333337,0.21428571428571427,0.05438830630170686,0.03584291170248868,10.333778197324303,0.35488095238095235,1.976608187134503,0.5368421052631586,0.24377546401086464,0.045360194209686844,0.034222977444426525,8.6184368998405,0.3459126984126984,2.1578947368421053,0.5620175438596501,0.2612041647804436,0.14460278328385007,0.10146602964490244,27.474528823931514,0.336038961038961,1.619047619047619,0.39385964912280713,0.08306926210955184,0.04365075150034521,0.03234481729366821,8.29364278506559,0.24619047619047615,1.9181286549707601,0.5447368421052632,0.22408329560887277,0.029259943909446477,0.025948444721940658,5.55938934279483,0.32076617826617826,1.8496732026143792,0.506578947368421,0.18039837030330463,0.05144535111418728,0.05053973651673905,0.24689951498974644,9.774616711695582,0.45012626262626265,1.7,0.429824561403509,0.12947034857401538,3.714429655620281e-12,2.471563667694794e-12,4.430479431917101e-12,2.116056291621728e-12,1.0596581693555943e-11,1.4086735819876982e-11,9.945170594456312e-13,8.92555471667743e-13,1.7313428706764987e-13,2.1422878838856105e-13
0.07396522620636421,0.04162823244415556,0.13251521760359364,0.0016926532339442074,2.071026333778198,0.32142857142857145,0.25,1.8,0.3720238095238095,0.12244897959183669,0.04742924007065286,0.032345950889597845,9.011555613424044,0.2588888888888889,1.8529411764705883,0.4587719298245615,0.1668175645088275,0.06158071197654956,0.041589943334074175,11.700335275544417,0.3182431457431457,2.026143790849673,0.4870175438596492,0.15776369397917608,0.14979501421109168,0.07395248975383382,28.461052700107416,0.2397835497835498,2.036842105263158,0.5776315789473686,0.20869171570846534,0.04555532903088749,0.03640596251813691,8.655512515868624,0.285,2.057894736842105,0.5767543859649125,0.27320054323223175,0.03955703196339209,0.034081011662539414,7.515836073044497,0.2821464646464647,1.9064327485380117,0.5473684210526314,0.19239474875509277,0.0559743977632307,0.04061866272732135,0.1679307314215032,10.635135575013834,0.2873160173160173,1.9473684210526316,0.5412280701754388,0.21072883657763697,5.857065709566923e-12,5.627151947838078e-12,6.509881675725181e-12,2.989021976581064e-12,1.0407788172853936e-11,1.134276924828336e-11,9.51861978757895e-13,7.867080507728156e-13,7.966564303121037e-14,5.3830569408526616e-14
0.04333703794984352,0.030749511008775772,0.1336219524104033,0.0038735718238338598,1.2134370625956186,0.03571428571428571,0.29166666666666663,1.6666666666666667,0.38095238095238093,0.12244897959183669,0.043842117255640314,0.03268890506098181,8.33000227857166,0.45671717171717174,1.9191176470588236,0.45394736842105265,0.19397917609778179,0.04812240555491786,0.037379347389237774,9.143257055434393,0.5390537240537239,1.7058823529411764,0.475438596491228,0.17043911272068812,0.14859730785901637,0.06987196839595719,28.233488493213112,0.20535714285714285,1.973856209150327,0.4934210526315791,0.15799004074241735,0.03223527879951824,0.02372905235524227,6.124702971908466,0.36977272727272725,1.9842105263157894,0.585087719298246,0.28632865550022635,0.03238792596869277,0.026714620882950225,6.153705934051626,0.23202380952380947,1.935672514619883,0.5434210526315792,0.22091444092349477,0.05964341210110005,0.04255243411467136,0.1829693043846229,11.33224829920901,0.37460317460317455,1.786764705882353,0.4692982456140351,0.22068809416025353,5.995744644583671e-12,5.993755214433304e-12,1.067501935196246e-11,5.180067805086295e-12,1.1822649557302055e-11,9.9849401238451e-12,1.1056800955369824e-12,9.426125552928038e-13,1.164670904633761e-13,1.2048604854185059e-13
0.10624770399029049,0.05076723796091934,0.21542267504313012,0.002831939064483578,2.9749357117281336,0.5357142857142857,0.125,1.6666666666666667,0.38095238095238093,0.12244897959183669,0.05475184984041433,0.05404454006144341,10.402851469678723,0.17547619047619045,1.9019607843137254,0.4991228070175441,0.22476233589859665,0.16204002405349333,0.08634722361962738,30.78760457016373,0.26900183150183143,1.675,0.4324561403508771,0.13739248528746037,0.17512707748342896,0.0837887236859108,33.2741447218515,0.2658333333333333,1.803921568627451,0.51140350877193,0.19805341783612496,0.05505337511285782,0.039807258537166455,10.460141271442986,0.2836363636363636,1.7647058823529411,0.5166666666666665,0.17519239474875511,0.027011524775612087,0.02300330868454378,5.1321897073662965,0.20099206349206353,1.8300653594771241,0.5087719298245613,0.20393843368039835,0.0638911493766479,0.045340413107779746,0.21747338953810097,12.139318381563102,0.3726190476190477,1.9019607843137254,0.4991228070175441,0.20529651425984607,3.136814245721597e-12,4.183437950660629e-12,1.0739539435741808e-12,1.1668124811149904e-12,2.7239824058013032e-12,2.615685505826173e-12,2.834850165214922e-13,2.1625711812763947e-13,3.238320271572253e-14,1.3979204324951952e-14
0.11690932679832779,0.05712406863856471,0.20809869470394843,0.004654796393346571,3.273461150353178,0.6428571428571429,0.0,1.6666666666666667,0.38095238095238093,0.12244897959183669,0.06020226178218568,0.04768609817758402,11.438429738615278,0.2290079365079365,1.7941176470588236,0.4649122807017546,0.16681756450882754,0.17384182600963857,0.0922306014974998,33.02994694183133,0.2070945720945721,1.8888888888888888,0.549122807017544,0.15866908103214122,0.1600264862540453,0.087786229642662,30.40503238826861,0.2919047619047619,1.8455882352941178,0.45964912280701775,0.16274332277048437,0.05713218628094275,0.03921364049261369,10.855115393379123,0.25416666666666665,1.8235294117647058,0.5087719298245613,0.17632412856496152,0.022581501767177947,0.02126288317463118,4.29048533576381,0.559047619047619,1.9,0.5991228070175441,0.2956088727931191,0.07823689949785763,0.06091366033300242,0.33270401354122586,14.86501090459295,0.30294011544011545,1.9707602339181287,0.5368421052631582,0.1925803402646503,2.7051002204816002e-12,3.6060672256806406e-12,1.0829673963495287e-12,1.1843907838553697e-12,2.7359007015746563e-12,2.4659662221452657e-12,2.782306281300529e-13,1.6928109093753307e-13,5.747627459518914e-14,2.813528619180409e-14
0.04181876520016554,0.028372688701510263,0.09039419289736662,0.0016275511864848149,1.170925425604635,0.0,0.35833333333333334,1.5333333333333334,0.39285714285714285,0.07142857142857145,0.08733867969621331,0.04703443789442082,16.594349142280528,0.19484126984126984,1.9941520467836258,0.5355263157894739,0.26052512449071974,0.06971606941248829,0.052001558699453734,13.246053188372773,0.3122222222222223,2.026143790849673,0.4900877192982456,0.18990493435943864,0.1521837453893188,0.08392950562956045,28.914911623970575,0.3162445887445888,1.935672514619883,0.5425438596491229,0.1747397012222725,0.048976612946056104,0.03498652392328969,9.30555645975066,0.19559523809523807,2.0526315789473686,0.5276315789473686,0.2397012222725215,0.018971935877909678,0.01699669613143919,3.6046678168028388,0.21404761904761904,1.9842105263157894,0.5846491228070179,0.22164461247637052,0.04125927918327768,0.0355132847698406,0.17580807916408972,7.83926304482276,0.2458333333333333,1.9005847953216375,0.54780701754386,0.22747849705749207,1.0583168199901298e-11,1.4085239206565489e-11,1.6099988183259578e-12,1.1244520815063504e-12,2.5851315372688285e-12,2.3152885453549983e-12,3.6810365296246876e-13,2.327147453934299e-13,5.762164432906785e-14,3.2763334292537685e-14
0.03886243472357205,0.029276538481829917,0.13752807525796687,0.0032225513492399336,1.0881481722600175,0.03571428571428571,0.0,1.9047619047619047,0.47023809523809523,0.22448979591836735,0.08719117216236451,0.059124264567438196,16.566322710849256,0.2718831168831169,1.75,0.4250000000000001,0.15187867813490266,0.065926273644464,0.050411771684495656,12.52599199244816,0.25972222222222224,1.7,0.4298245614035089,0.14916251697600724,0.11717717522216074,0.06989273404736186,22.26366329221054,0.2546428571428571,1.75,0.425,0.11272068809416026,0.0655928826330009,0.042556410609343634,12.462647700270171,0.1694047619047619,2.1169590643274856,0.521842105263158,0.20574920778632866,0.023568825713252892,0.02100570595877328,4.47807688551805,0.42035353535353537,1.9415204678362572,0.5394736842105267,0.2993856332703213,0.054115905629442566,0.045003904105626935,0.23798053448780965,10.282022069594088,0.3205844155844156,1.95906432748538,0.5394736842105265,0.2175192394748755,1.203457466724772e-11,1.2538151474593136e-11,3.7174014798997885e-12,1.2146235215895468e-12,4.9585638367302786e-12,3.758345961229426e-12,5.080789571684756e-13,3.5914940923847673e-13,5.758608089513199e-14,2.460110281801829e-14
0.0675119857519519,0.047780894356735056,0.1609648123433482,0.002701734969564793,1.890335601054653,0.25,0.0,1.6666666666666667,0.38095238095238093,0.12244897959183669,0.0696807772499182,0.047305982724149535,13.239347677484457,0.3542099567099567,1.9150326797385622,0.4973684210526316,0.20031688546853782,0.1472759076167682,0.09334586801002456,27.98242244718596,0.2895454545454545,1.7205882352941178,0.4736842105263159,0.12381167949298325,0.13313591422976567,0.08460369971044882,25.295823703655476,0.184498556998557,1.7941176470588236,0.46491228070175444,0.15052059755545497,0.0683499543429062,0.04401589624253311,12.986491325152176,0.21182539682539683,2.08187134502924,0.5244736842105268,0.23227788279773154,0.027016835732115357,0.019081711038304094,5.133198789101918,0.2675757575757575,2.026315789473684,0.5821929824561408,0.2172928927116342,0.054395501791162905,0.042739528646563746,0.1953386934019075,10.335145340320953,0.21297619047619049,1.934640522875817,0.49517543859649127,0.2019013128112268,3.653263775262838e-12,3.5436120806370114e-12,2.1454002687322355e-12,2.028676023298812e-12,4.315034913176831e-12,3.272255825492338e-12,4.4224974315478707e-13,3.1534328672771833e-13,4.774086498946302e-14,3.2636810518361486e-14
0.1805361153608281,0.0747430781847687,0.31213176654405783,0.01214153185117672,5.055011230103187,0.8928571428571429,0.20833333333333331,1.6666666666666667,0.38095238095238093,0.20408163265306123,0.0420350214751096,0.029546995942552896,7.986654080270824,0.2992748917748918,1.9883040935672514,0.5370175438596497,0.20665459483929383,0.12177834808694207,0.07352498754122326,23.137886136518993,0.3864957264957265,1.6333333333333333,0.4368421052631579,0.08736985061113627,0.10325767219063249,0.07762539976800711,19.618957716220173,0.37050671550671554,1.95906432748538,0.5425438596491234,0.19827976459936625,0.03783919451635175,0.03080959967914423,7.189446958106833,0.3350505050505051,1.976608187134503,0.5372807017543868,0.16659121774558625,0.03683782223371978,0.029627964074536318,6.999186224406758,0.2657936507936508,1.9947368421052631,0.5846491228070185,0.2496604798551381,0.029282900947234784,0.02953971272129738,0.2047784902835194,5.563751179974609,0.3315367965367966,1.95906432748538,0.5381578947368422,0.2592155009451796,2.663394574323692e-12,3.1376931429366166e-12,1.3831027236052541e-12,7.789051196575447e-13,8.110439359339376e-12,9.060520167908877e-12,4.830530990534777e-13,3.6968284296750534e-13,1.7425228395697102e-13,3.688208466835082e-13
0.03782777718359242,0.034365657924256346,0.1308876664171088,0.0008788776407018001,1.0591777611405877,0.07142857142857142,0.0,2.0,0.4613095238095238,0.21428571428571427,0.06151012765140937,0.04144122190551642,11.68692425376778,0.25003968253968256,2.194736842105263,0.5627192982456142,0.24535989135355363,0.038720470653538896,0.028804621356742516,7.35688942417239,0.30130952380952375,1.9941520467836258,0.5364035087719298,0.20393843368039835,0.09131470158420693,0.05369682842543299,17.349793300999316,0.35642857142857143,1.9803921568627452,0.4938596491228073,0.24377546401086464,0.05012069576956616,0.03619652507214242,9.522932196217571,0.37558080808080807,1.9019607843137254,0.49956140350877193,0.22612041647804434,0.026384831908226675,0.021050733470439488,5.013118062563068,0.3175,1.9941520467836258,0.5350877192982456,0.23019465821638752,0.035430590081531745,0.027552298799324696,0.16701930275707172,6.7318121154910315,0.31396825396825395,1.9532163742690059,0.5403508771929826,0.2587143503847895,2.0116095559388675e-12,1.6898490090507986e-12,6.849151222968526e-13,2.8567498222303126e-13,1.4096773651137421e-12,1.332715954404973e-12,4.0631256371469466e-13,5.786203329996681e-13,2.4666968096656555e-13,5.664890329402591e-13
0.049018354127237304,0.03508715788122125,0.13759317730542625,0.007714592623938023,1.3725139155626445,0.14285714285714285,0.0,2.2857142857142856,0.43869047619047613,0.3163265306122449,0.04038931024380717,0.02879164612752013,7.673968946323362,0.3843975468975469,1.9005847953216375,0.5473684210526325,0.23743775464010863,0.04737938560799315,0.03523123693947646,9.0020832655187,0.2473809523809524,2.0233918128654973,0.530701754385965,0.15731100045269353,0.05762490598750384,0.039090436631684954,10.94873213762573,0.26285714285714284,1.9883040935672514,0.5368421052631587,0.22114078768673606,0.04634734683458426,0.031354176629422525,8.805995898571009,0.40615079365079365,1.8888888888888888,0.5008771929824565,0.17406066093254866,0.022582529694243098,0.018792497710543823,4.290680641906189,0.3105891330891331,1.9105263157894736,0.5973684210526322,0.2145767315527388,0.05627420982389895,0.04417419636081566,0.19592461182904203,10.6920998665408,0.3232431457431458,1.8830409356725146,0.5500000000000005,0.21389769126301494,4.5703685058247105e-10,2.20458265498666e-09,6.260295469407275e-11,2.0222663268104657e-10,1.4138329601431077e-11,4.249655663320385e-11,4.292931287436882e-12,1.2471643276340969e-11,1.2653519441180115e-12,2.8527415254098182e-12
0.09101382488479261,0.06024421521285055,0.2013280817681716,0.002180918589889652,2.548387096774193,0.42857142857142855,0.1875,2.0,0.4613095238095237,0.21428571428571427,0.03992708570684548,0.029534409061923513,7.586146284300641,0.37916666666666665,2.1157894736842104,0.5677192982456151,0.2700316885468538,0.06711524261648555,0.046310062655990324,12.751896097132255,0.27888888888888885,1.908496732026144,0.49868421052631634,0.16908103214124037,0.09026039105771982,0.05616292480445475,17.149474300966766,0.33015873015873015,1.908496732026144,0.49912280701754397,0.2238569488456315,0.05667630062754948,0.04268938867464045,10.7684971192344,0.25542568542568544,1.9150326797385622,0.49868421052631584,0.16319601629696695,0.029212659264449662,0.023085624384807425,5.5504052602454355,0.43556471306471306,2.0116959064327484,0.5328947368421053,0.2037120869171571,0.02993015235592317,0.026067287872468377,0.15230624003124899,5.686728947625403,0.3354365079365079,1.7485380116959064,0.5701754385964913,0.1670439112720688,3.4374630183929376e-12,4.4233245722847465e-12,1.2474902927135192e-12,9.808428987102876e-13,2.3234897550374117e-12,1.9021911487493484e-12,4.592112558747663e-13,3.738920671576418e-13,1.4067298140833193e-13,1.5932666716552032e-13
0.04046324756913605,0.028037440189737167,0.10588848019270206,0.002701734969564793,1.1329709319358094,0.03571428571428571,0.2625,1.8571428571428572,0.4761904761904762,0.1938775510204082,0.040146548135254645,0.028679800598053955,7.627844145698383,0.2812759462759463,1.936842105263158,0.5929824561403516,0.2064282480760525,0.03730175998245671,0.02888897892777497,7.087334396666774,0.32172161172161173,1.9947368421052631,0.5850877192982462,0.20258035310095068,0.07183325652433874,0.04899511139309175,13.64831873962436,0.36676739926739926,1.9842105263157894,0.5877192982456143,0.2195563603440471,0.04938709848740533,0.03581988278676004,9.383548712607013,0.2810389610389611,1.9239766081871346,0.5447368421052632,0.23110004526935266,0.01958218191225272,0.020139772092724904,3.7206145633280165,0.37527472527472533,2.0,0.5846491228070174,0.2043911272068809,0.043795517895353596,0.037952570213915696,0.17632889554376485,8.321148400117183,0.31297619047619046,1.935672514619883,0.5421052631578953,0.28678134902670893,1.1301546769070864e-11,2.4473140503990407e-11,1.2826294906869808e-12,1.3401497120519857e-12,9.273844833570776e-13,5.097410701186036e-13,4.4012708893307597e-13,2.8255169668274575e-13,1.5709682257406671e-13,1.4248530483101248e-13
0.055615749115309684,0.0332934867607753,0.12073174701344357,0.00042316330848605186,1.557240975228671,0.10714285714285714,0.3333333333333333,1.6,0.38690476190476186,0.07142857142857145,0.0632534919539009,0.05066315574008535,12.01816347124117,0.5566666666666668,1.7205882352941178,0.47368421052631576,0.1401086464463558,0.04509396109981343,0.03190874154579803,8.567852608964552,0.3107539682539682,1.9532163742690059,0.5403508771929828,0.24241738343141692,0.1087020878911905,0.06612928112751094,20.653396699326194,0.329491341991342,1.934640522875817,0.4973684210526319,0.16500679040289723,0.05755158052352326,0.039531597059368734,10.93480029946942,0.36333028083028085,1.935672514619883,0.5407894736842103,0.2084120982986767,0.024408813446656585,0.019113775405220863,4.637674554864751,0.27214285714285713,2.036842105263158,0.5767543859649132,0.22022684310018903,0.0364290499041458,0.03090193993286939,0.1547150157872465,6.921519481787702,0.4012662337662337,1.9239766081871346,0.5442982456140354,0.20280669986419192,2.3017843068792673e-12,1.5203084862286349e-12,7.881463276750624e-13,4.188116072829724e-13,1.7027032969840762e-12,1.5438729360795383e-12,5.074308726295977e-13,1.035699065890513e-12,3.2822604576055486e-13,1.094347999117723e-12
0.05306863150846095,0.03991674817468229,0.15517073011946225,0.0026366329221054,1.4859216822369066,0.14285714285714285,0.2625,1.8571428571428572,0.4761904761904762,0.1938775510204082,0.03874514090310246,0.030285076827361375,7.361576771589467,0.33488095238095233,2.1526315789473682,0.564824561403509,0.23336351290176555,0.06421014940919892,0.04319272042618352,12.199928387747795,0.36683177933177935,1.6666666666666667,0.43333333333333324,0.11249434133091897,0.19328695097987147,0.13339916964532372,36.72452068617558,0.33305194805194804,1.6583333333333334,0.4342105263157894,0.12335898596650066,0.054822605486732026,0.04405076629868071,10.416295042479085,0.4535461760461761,2.036842105263158,0.5808771929824569,0.2514712539610684,0.07148770170927139,0.07005366657348057,13.582663324761565,0.49717553688141913,1.7251461988304093,0.5736842105263158,0.20891806247170666,0.0523077819218467,0.050856692956410654,0.3643436086064907,9.938478565150874,0.30115079365079367,1.9941520467836258,0.5359649122807016,0.17949298325033952,3.219846431151985e-12,3.8335859271712555e-12,1.5042266064965903e-12,7.621932135556346e-13,9.21944289092339e-12,1.5315372729158843e-11,1.1604279899629448e-12,2.3645035342961545e-12,6.131611251796105e-13,1.6497334360726577e-12
0.054485763577264514,0.05141603641864844,0.16122522053318578,0.002701734969564793,1.5256013801634063,0.21428571428571427,0.0,1.8095238095238095,0.48214285714285715,0.20408163265306123,0.038481820253246965,0.031892729352322416,7.311545848116924,0.25884920634920633,2.1157894736842104,0.5690350877192994,0.27252150294250793,0.05603658735067217,0.04239211908890931,10.646951596627712,0.5461760461760461,1.9415204678362572,0.5421052631578951,0.2100497962879131,0.2389447300749188,0.15899254896490295,45.39949871423457,0.2106457431457432,1.6833333333333333,0.4315789473684209,0.1023087369850611,0.06320603598772655,0.056455380583802575,12.009146837668045,0.3337265512265512,1.7083333333333333,0.4293859649122806,0.11158895427795382,0.04729184048627803,0.04300094633475411,8.985449692392827,0.43896520146520146,2.0210526315789474,0.5807017543859656,0.2365323675871435,0.0814450598681855,0.07512371081535116,0.4713713746297321,15.474561374955245,0.35493284493284494,1.7352941176470589,0.47192982456140337,0.12245359891353556,2.837364276822432e-12,6.088236869276482e-12,9.060673640610303e-13,3.148670387322904e-13,4.417586353347803e-12,7.154739808211261e-12,4.619487300859716e-13,4.4060738273895007e-13,1.6881568651626813e-13,2.5523959992327486e-13
0.04145024111008291,0.03908043112584203,0.16571726180788385,0.0003580612610266593,1.1606067510823215,0.10714285714285714,0.0,2.0,0.4613095238095238,0.21428571428571427,0.038460062463701324,0.025574159912600068,7.307411868103252,0.19904761904761908,2.0058479532163744,0.5359649122807021,0.22679945676776822,0.04826665798639367,0.036203887752228346,9.170665017414798,0.3288092463092463,2.0350877192982457,0.5321929824561409,0.1686283386147578,0.20820165873164073,0.12542490503053683,39.55831515901174,0.21327922077922076,1.8161764705882353,0.4627192982456139,0.15912177455862384,0.04984401206786375,0.046792273406405224,9.470362292894112,0.2870634920634921,1.6285714285714286,0.3929824561403508,0.11837935717519238,0.04343625738608427,0.042562853982437115,8.25288890335601,0.3048015873015873,1.9941520467836258,0.5342105263157897,0.16206428248076055,0.05943028855625931,0.05145891342396647,0.2806223755737118,11.291754825689269,0.2774314574314575,2.0058479532163744,0.5350877192982453,0.1745133544590312,2.195584803396211e-12,1.6733255696594148e-12,1.1819627949908916e-12,5.310273275240232e-13,5.9425619700762575e-12,1.0556960047243172e-11,6.011598444709208e-13,6.260582862005583e-13,3.162984712241199e-13,4.71131918773423e-13
0.04439959636730576,0.029573651130890014,0.10543276586048632,0.001204387877998763,1.2431886982845612,0.07142857142857142,0.0,1.8095238095238095,0.48214285714285715,0.20408163265306123,0.032920563509617105,0.026373237992318325,6.254907066827251,0.3392676767676767,2.1578947368421053,0.5633333333333346,0.2315527387958352,0.0461916158842143,0.03388804237556797,8.776407018000716,0.31305555555555553,1.9477124183006536,0.49868421052631595,0.20235400633770934,0.20758987080670002,0.1671290703093469,39.442075453273006,0.3735081585081585,1.803921568627451,0.5122807017543858,0.13286555002263467,0.058975430829931175,0.04710992704860596,11.205331857686923,0.2119047619047619,1.9824561403508771,0.5333333333333337,0.23432098765432097,0.05868367086460659,0.055996795381557184,11.149897464275252,0.3828571428571428,1.9105263157894736,0.597368421052632,0.21525577184246264,0.021303788425198603,0.026487898012711474,0.22131441033820515,4.047719800787735,0.5119444444444444,1.847953216374269,0.5557017543859649,0.21570846536894522,8.244396994118013e-12,4.192541787582436e-11,1.0220579937359277e-12,3.498741346084562e-13,5.514342320098641e-12,7.382971718045902e-12,6.751002598915799e-13,7.361158124749262e-13,3.0754129627572437e-13,5.631185504459298e-13
0.03300092537910317,0.023828354742263875,0.10933888870804986,0.0016601022102145113,0.9240259106148889,0.03571428571428571,0.125,2.0952380952380953,0.4523809523809523,0.22448979591836735,0.046913392005125926,0.03181951355372145,8.913544480973925,0.21337301587301588,2.0157894736842104,0.5811403508771937,0.2175192394748755,0.03803724179757033,0.02682186736249476,7.227075941538362,0.27325396825396825,1.9684210526315788,0.5881578947368425,0.2535083748302399,0.07028691157600066,0.051789135356395,13.354513199440124,0.31198717948717947,1.9473684210526316,0.5412280701754388,0.22657311000452696,0.045315993345885465,0.03581118007689066,8.610038735718238,0.3976007326007326,1.8888888888888888,0.5508771929824561,0.19488456315074695,0.01958834947464361,0.015084633298617046,3.721786400182286,0.34544011544011544,1.9181286549707601,0.5460526315789479,0.21797193300135806,0.04945459903135006,0.036772321473372095,0.1767195078285212,9.396373815956512,0.36519841269841274,1.9707602339181287,0.5368421052631585,0.2129017013232514,1.2228889097781762e-09,6.700254180841874e-09,1.7449933093720647e-10,8.152289939266072e-10,3.768373192214053e-11,1.598440199949962e-10,8.493402071231045e-12,2.631214224839388e-11,3.276405975408461e-12,7.40077877874023e-12
0.09065692616032774,0.04173281443994838,0.16480583314345237,0.017545001790306304,2.5383939324891767,0.5357142857142857,0.1875,2.0476190476190474,0.4583333333333333,0.21428571428571427,0.07587746424098722,0.0430872034649916,14.416718205787571,0.228015873015873,1.8496732026143792,0.5057017543859651,0.17406066093254863,0.08520795821133838,0.059255441805237015,16.189512060154293,0.327457264957265,1.7794117647058822,0.4666666666666666,0.14282480760525124,0.07994342974718134,0.06220264386168617,15.189251651964454,0.38396103896103895,1.9150326797385622,0.49956140350877243,0.1894522408329561,0.05720002946724254,0.04721542181332643,10.868005598776083,0.413502331002331,1.8235294117647058,0.5092105263157894,0.18673607967406067,0.020472024108316098,0.017937608226006242,3.8896845805800586,0.2752380952380953,2.0,0.5828947368421059,0.30126754187415117,0.028988913806602377,0.02437337179967491,0.12118746134565932,5.507893623254452,0.18734126984126984,1.8888888888888888,0.5491228070175443,0.19941149841557265,3.356644621998204e-12,3.3121674638453117e-12,2.4881495594760747e-12,1.6665588060236423e-12,3.45848893845684e-12,3.67222463440749e-12,7.165621034078913e-13,7.899525152452289e-13,8.62458189202981e-14,6.017951321912377e-14
0.03705585290657391,0.02925041447912499,0.11597929754890791,0.0001627551186484815,1.0375638813840695,0.03571428571428571,0.375,1.7333333333333334,0.375,0.1938775510204082,0.048521069935017876,0.03292870219288614,9.219003287653397,0.3466774891774892,1.8771929824561404,0.5513157894736843,0.2000905387052965,0.043731957738491936,0.031054312843665926,8.309071970313468,0.20015873015873015,1.9473684210526316,0.541228070175439,0.2365323675871435,0.0934063618406062,0.06744325644790465,17.747208749715178,0.2978968253968254,2.0,0.5355263157894742,0.23087369850611136,0.056930198612641106,0.04359170649212122,10.81673773640181,0.2723015873015873,1.973856209150327,0.49315789473684235,0.16115889542779538,0.028432633943179617,0.02683921149085986,5.402200449204127,0.48757936507936506,1.9473684210526316,0.592543859649123,0.25011317338162065,0.04449690679613978,0.03322418663184566,0.1582956283975131,8.454412291266559,0.3083333333333333,2.026315789473684,0.5793859649122814,0.29968311453146224,3.19013301877896e-12,3.0067982996858227e-12,1.2665991567090761e-12,6.009200890805533e-13,2.080251073394719e-12,2.508256276801788e-12,5.825946522734296e-13,5.034700484211334e-13,8.23928200873075e-14,3.463582522512067e-14
0.0820274172622729,0.03364811673913074,0.14358256567169037,0.015461736271605742,2.2967676833436412,0.35714285714285715,0.27083333333333337,1.9523809523809523,0.46428571428571414,0.3163265306122449,0.09214920703992982,0.05461176560831383,17.508349337586665,0.18103174603174604,1.8300653594771241,0.5078947368421053,0.20755998189225894,0.07329822391335261,0.0469469623057413,13.926662543536995,0.2440151515151515,2.0842105263157893,0.5719298245614037,0.2664101403349932,0.11867794873727727,0.08358006060389189,22.548810260082682,0.22603174603174608,2.0842105263157893,0.5728070175438601,0.28678134902670893,0.05473523168619443,0.045164250684630244,10.399694020376941,0.3051556776556777,1.75,0.4701754385964912,0.1278859212313264,0.02880200240192291,0.027631499988607665,5.472380456365353,0.3127922077922078,1.912280701754386,0.5473684210526316,0.20258035310095066,0.044493823014944346,0.03890725604489184,0.17046971127241953,8.453826372839426,0.31567821067821067,1.847953216374269,0.5552631578947369,0.21887732005432325,6.491672164953844e-12,1.0672165567457056e-11,1.9366928347434274e-12,1.0682006444752114e-12,3.91104073080588e-12,5.419744292381756e-12,7.321246779983714e-13,6.35693203703243e-13,8.296405745914463e-14,5.957234748954404e-14
0.07839216543360288,0.05210940636587151,0.19709644868331108,0.001302040949187852,2.1949806321408807,0.32142857142857145,0.35833333333333334,1.5333333333333334,0.39285714285714285,0.07142857142857145,0.04788855214759662,0.035332438240466175,9.098824908043358,0.2609920634920635,2.087719298245614,0.5271052631578949,0.18085106382978722,0.07933318371283829,0.055508587085798276,15.073304905439276,0.4139718614718614,1.9411764705882353,0.49561403508771956,0.2030330466274332,0.08070752219894156,0.05580988483701817,15.334429217798897,0.3135714285714286,2.0789473684210527,0.5719298245614042,0.2315527387958352,0.028699381016585607,0.019506901522173006,5.452882393151265,0.33976190476190476,2.0210526315789474,0.5802631578947375,0.3137166138524219,0.023480766628005183,0.017119363815083447,4.461345659320985,0.275,1.9684210526315788,0.5877192982456145,0.2824807605251245,0.031444974207596725,0.03127213877976676,0.18921910094072458,5.974545099443378,0.22706349206349205,1.935672514619883,0.542105263157895,0.23743775464010866,5.302818850283701e-12,2.2340767327487976e-12,5.625974615154531e-12,3.1577646289207177e-12,1.1477868219644682e-11,1.151666687078317e-11,5.223723168414487e-13,4.4861071509718314e-13,8.714437856548868e-14,1.4918904868964675e-13
0.030830469618269497,0.020364824799658822,0.07411868103251847,0.0010416327593502817,0.863253149311546,0.0,0.0,1.7333333333333334,0.3988095238095238,0.326530612244898,0.05254608967978359,0.03929620435769295,9.983757039158881,0.2992857142857143,1.95906432748538,0.5394736842105268,0.2768220914440923,0.03751762466613785,0.02898101379801667,7.128348686566192,0.4484645909645909,1.9578947368421054,0.5907894736842108,0.2317790855590765,0.061627996621546374,0.044119249379120186,11.709319358093811,0.18914141414141414,1.9824561403508771,0.53640350877193,0.15731100045269356,0.027577741267331278,0.02227338554381635,5.239770840792943,0.4001262626262626,1.908496732026144,0.498684210526316,0.17541874151199638,0.021396987145772053,0.015863646528975706,4.06542755769669,0.21984848484848482,1.936842105263158,0.5929824561403512,0.1935264825712992,0.04301874767645653,0.03457463777843024,0.1954037954493669,8.173562058526741,0.2714285714285714,1.935672514619883,0.5434210526315797,0.2532820280669987,4.718334056145763e-09,1.0984727667247438e-08,8.884962546566234e-10,1.9246886271411333e-09,2.3268430763332303e-10,5.295511556802243e-10,7.310412540575711e-11,1.6110872194611947e-10,3.027241358221545e-11,4.7050350493226373e-11
0.04700949094849033,0.03289173672206238,0.17209726245890433,0.0021158165424302595,1.3162657465577292,0.03571428571428571,0.5,1.3,0.30357142857142855,1.1102230246251565e-16,0.04051214752809239,0.028889747692113985,7.697308030337553,0.3470959595959596,1.9684210526315788,0.588596491228071,0.21412403802625618,0.04945734017019047,0.03288440113871243,9.396894632336188,0.39413974913974914,1.8104575163398693,0.5105263157894742,0.22793119058397465,0.22865620807984938,0.1188724671959684,43.44467953517138,0.2125865800865801,1.7426470588235294,0.4710526315789473,0.1704391127206881,0.021636151509596552,0.01795334607667254,4.110868786823345,0.421547619047619,2.2526315789473683,0.5539473684210533,0.2729741964689905,0.01870141973859815,0.016248055622893904,3.553269750333648,0.303961038961039,1.9150326797385622,0.49956140350877204,0.17587143503847896,0.059937056599377425,0.04777788980915833,0.21363236873799682,11.388040753881711,0.303531746031746,1.8496732026143792,0.505263157894737,0.20642824807605248,1.2213224592792655e-11,1.885937673997759e-11,2.6760220591170047e-12,1.4017785976125961e-12,3.0099243389710578e-12,3.3320195018485866e-12,1.1984004425100483e-13,1.0001626102569635e-13,2.679815479978879e-14,3.1949701969589137e-14
0.029185480383358057,0.017970574966642328,0.06760847628657922,3.25510237296963e-05,0.8171934507340256,0.0,0.0,2.8214285714285716,0.5035714285714284,0.37755102040816324,0.034163327331381416,0.026762335839930505,6.491032192962469,0.4042243867243867,1.894736842105263,0.5482456140350885,0.17632412856496155,0.04196854885823001,0.03523247456234864,7.974024283063702,0.37035131535131527,2.0052631578947366,0.5837719298245616,0.2055228610230874,0.167974418321772,0.10226921573875267,31.915139481136684,0.23369769119769118,1.8562091503267975,0.504824561403509,0.14124038026256225,0.01954551918026243,0.013532208567208446,3.7136486442498615,0.4073015873015873,2.0842105263157893,0.5723684210526321,0.26052512449071974,0.023983251641685188,0.022565738543561843,4.556817811920186,0.2758297258297258,2.0052631578947366,0.5842105263157902,0.2166138524219104,0.037782487206591074,0.02945570107755334,0.1575144038280004,7.178672569252304,0.2623809523809523,1.894736842105263,0.5482456140350883,0.2621095518334088,1.1247421305082533e-11,1.2162088405812668e-11,2.4878892435688838e-12,1.275880355018229e-12,2.7579991421036475e-12,2.851684785948854e-12,1.3268706237237945e-13,1.1013046413823145e-13,4.993418928222015e-14,5.49464008119791e-14
0.052959353071654114,0.033676778154565004,0.13577031997656328,0.006282347579831386,1.4828618860063152,0.10714285714285714,0.3125,1.6666666666666667,0.38095238095238093,0.20408163265306123,0.05486372256933796,0.04237656623402669,10.424107288174213,0.31292429792429793,1.8128654970760234,0.5605263157894741,0.20665459483929377,0.045068262923184714,0.032076743060024206,8.562969955405096,0.29924603174603176,2.068421052631579,0.5745614035087728,0.2546401086464464,0.212132794471123,0.13127528796227037,40.305230949513366,0.14015873015873018,1.8496732026143792,0.505263157894737,0.17541874151199638,0.04104409978430664,0.038308132830854096,7.798378959018262,0.3401082251082251,1.8562091503267975,0.5043859649122812,0.18243549117247623,0.021760359363301975,0.017356384482678778,4.1344682790273755,0.30859307359307364,1.912280701754386,0.5456140350877194,0.22046174739701221,0.06877311765139224,0.05879065954102375,0.29872074476742294,13.066892353764526,0.1823015873015873,1.6416666666666666,0.4359649122807017,0.1278859212313264,1.5460045619639414e-12,1.2565460940868007e-12,1.4056779620475804e-12,1.044025515211697e-12,9.969664883492174e-12,1.1942493401834943e-11,2.5964550746393086e-13,2.2721944832326875e-13,4.4723778126092826e-14,4.1847959578768517e-14
0.07233767501987938,0.05489358138540858,0.17548256892679276,0.0013345919729175482,2.0254549005566225,0.2857142857142857,0.35833333333333334,1.5333333333333334,0.39285714285714285,0.07142857142857145,0.03938776663999767,0.029638896104686095,7.483675661599557,0.2818253968253968,1.9883040935672514,0.5342105263157898,0.2495274102079395,0.0763701839475483,0.05203331478849516,14.510334950034178,0.24988095238095243,1.9707602339181287,0.5381578947368426,0.2664101403349932,0.10916208525284436,0.07914155166030774,20.740796198040428,0.3598809523809524,1.803921568627451,0.5118421052631579,0.16749660479855139,0.03786986100712868,0.03519142722731391,7.195273591354448,0.31423076923076926,1.7426470588235294,0.4710526315789473,0.09416025350837484,0.019935788822663735,0.016803112483536106,3.7877998763061096,0.28170634920634924,2.0473684210526315,0.5767543859649127,0.2256677229515618,0.05273265844210802,0.04089588548465634,0.19377624426288206,10.019205104000523,0.28197802197802196,1.9473684210526316,0.5934210526315791,0.24060660932548664,2.2280496690690434e-10,1.3682964794313058e-09,4.727788568131268e-11,2.3241405572377246e-10,2.2428063634095497e-11,7.14544791558825e-11,4.934018519420477e-12,2.3919678480323514e-11,1.4615986575727933e-12,6.5691468988589625e-12
0.14577045948095063,0.0775480992675709,0.3590052407148205,0.009342143810422837,4.081572865466618,0.6785714285714286,0.1875,1.6,0.3869047619047619,0.12244897959183669,0.08926861276102924,0.05988031955626489,16.961036424595555,0.3153571428571429,1.9044117647058822,0.4543859649122807,0.17541874151199638,0.14562831185251301,0.12070452033334679,27.669379251977475,0.18035714285714285,1.9411764705882353,0.49298245614035113,0.21006616257088848,0.1281801065275082,0.09745154017605231,24.354220240226557,0.2558008658008658,1.8308823529411764,0.47017543859649136,0.21978270710728837,0.02541361215283905,0.019828755916218802,4.828586309039419,0.39924603174603174,1.9473684210526316,0.5412280701754392,0.23268447261204162,0.02872970486500748,0.023435194834083718,5.4586439243514215,0.284484126984127,1.8627450980392157,0.5035087719298247,0.20755998189225894,0.07389322236289596,0.06461408171925764,0.348979525406074,14.03971224895023,0.2015079365079365,1.8235294117647058,0.5092105263157897,0.21480307831598008,8.560529839836774e-12,6.5039240547931146e-12,1.6645892520425202e-11,1.7954759382893664e-11,1.0672228977905634e-11,1.317557252372355e-11,8.429919638300223e-13,7.68872604422295e-13,2.439142582710608e-13,1.8424069463253063e-13
0.14590531372211654,0.0775614618081519,0.3593958529995768,0.009277041762963446,4.0853487842192635,0.6785714285714286,0.1875,1.6,0.3869047619047619,0.12244897959183669,0.08923674702200964,0.059949369601297785,16.95498193418183,0.3340873015873016,1.8676470588235294,0.45789473684210524,0.13829787234042556,0.14563139563370847,0.12073183062690603,27.66996517040461,0.1836904761904762,1.9281045751633987,0.49649122807017565,0.21978270710728837,0.12822088096775908,0.09751771059550085,24.361967383874223,0.2558008658008658,1.8308823529411764,0.47017543859649136,0.21978270710728837,0.025569857066741593,0.01987179408314365,4.858272842680902,0.36698412698412697,1.912280701754386,0.5456140350877199,0.23426889995473066,0.028603612478349288,0.02359579484007283,5.434686370886364,0.24488095238095237,1.8823529411764706,0.4995614035087722,0.22495274102079396,0.07383942751315319,0.06459710243014051,0.34878421926369585,14.029491227499106,0.2015079365079365,1.8235294117647058,0.5092105263157897,0.21480307831598008,8.525847571939441e-12,6.478111327624932e-12,1.657808845576913e-11,1.787963540849599e-11,1.0627027244090006e-11,1.3119626097660484e-11,8.396837351382573e-13,7.656933066252357e-13,2.430360568714291e-13,1.8359131620183704e-13
0.11762544932038113,0.0905488761041451,0.3269099313173399,0.0009439796881611927,3.293512580970672,0.5357142857142857,0.0,1.6666666666666667,0.38095238095238093,0.12244897959183669,0.07145891975144723,0.0456420027435962,13.577194752774975,0.23129870129870134,1.8366013071895424,0.5070175438596491,0.1880941602535084,0.16166208953587377,0.10894927860702755,30.715797011816015,0.27214285714285713,2.0116959064327484,0.5328947368421055,0.3033046627433228,0.13644703862778587,0.09070139947705898,25.924937339279317,0.3838888888888889,2.0526315789473686,0.5276315789473688,0.30783159800814847,0.04499133971447613,0.030122454055746754,8.548354545750465,0.2461904761904762,1.9415204678362572,0.5425438596491234,0.17700316885468537,0.022999696761515784,0.0234408622871967,4.369942384687999,0.37428571428571433,2.0210526315789474,0.5798245614035089,0.29153463105477595,0.07040443790378259,0.05979230004924777,0.29702809153347876,13.376843201718692,0.19575396825396826,1.95906432748538,0.5399122807017545,0.1998641919420552,4.202934244210992e-11,2.0773288516294356e-10,1.9959816700221473e-11,2.018298428085586e-11,8.295898194144019e-12,9.790236195253434e-12,6.264911286555251e-13,5.650795873666787e-13,1.2635060150110805e-13,1.1387469734065057e-13
0.0923333038824071,0.04773664541875258,0.17639399759122423,0.002831939064483578,2.5853325087073986,0.4642857142857143,0.0,2.0,0.4613095238095237,0.22448979591836735,0.06541916295899085,0.06293930474017857,12.42964096220826,0.36502525252525253,2.0631578947368423,0.5745614035087728,0.2030330466274332,0.07637686547347178,0.05013163789675355,14.511604439959637,0.32426406926406925,1.7352941176470589,0.4723684210526317,0.1514259846084201,0.08072362638962889,0.055274140730210454,15.33748901402949,0.2832875457875458,1.75,0.4701754385964916,0.14848347668628337,0.03461407334944895,0.02867450591662874,6.5766739363953,0.32835858585858585,1.976608187134503,0.5385964912280705,0.19805341783612496,0.016489320694398995,0.01359867832955906,3.132970931935809,0.38381673881673883,1.9684210526315788,0.5877192982456149,0.23630602082390223,0.017631347663778763,0.015609141873806586,0.08284235539207709,3.349956056117965,0.23503968253968255,1.9883040935672514,0.5350877192982463,0.2691398865784499,6.653474117316243e-12,2.047649446068079e-11,2.5020059216789945e-12,1.7027929825529566e-12,9.0517410333201e-13,5.63585985365213e-13,2.9360527448494567e-13,2.2893749428515193e-13,6.398411812357675e-14,8.480083910000338e-14
0.05555994736034448,0.03429185045786791,0.12222909410500961,0.0007486735457830149,1.5556785260896455,0.10714285714285714,0.20833333333333331,2.2857142857142856,0.43869047619047613,0.3163265306122449,0.13782874392452274,0.07867635881334199,26.18746134565932,0.26083333333333336,1.7,0.4298245614035089,0.16500679040289726,0.06494117687369688,0.0418062927279627,12.338823606002407,0.3396031746031746,1.9673202614379084,0.4931578947368422,0.17587143503847893,0.07293690754995297,0.05430076398180558,13.858012434491064,0.39094877344877343,1.6916666666666667,0.4307017543859651,0.1342236306020824,0.02975197833129747,0.027452100849557855,5.652875882946519,0.27884920634920635,1.934640522875817,0.49254385964912306,0.16375236294896028,0.020345075115770286,0.014879096187398206,3.8655642719963543,0.13595238095238096,2.0473684210526315,0.5767543859649126,0.18356722498868266,0.052926594015065984,0.04474422899642348,0.20966114384297385,10.056052862862536,0.28805555555555556,1.9883040935672514,0.5346491228070184,0.2107288365776369,6.475544392281603e-12,5.419612897284275e-12,3.1071038521015995e-12,1.2910557804707086e-12,9.653040488545567e-13,6.011565824166887e-13,2.358541783378815e-13,1.6225729225508782e-13,8.246865123495992e-14,8.245752701345998e-14
0.1035564318497817,0.0566399011983655,0.23544155463689334,0.0017903063051332964,2.8995800917938874,0.5357142857142857,0.0,2.2142857142857144,0.5535714285714284,0.3571428571428571,0.04599802295361136,0.04015161779722384,8.73962436118616,0.22726190476190475,2.0526315789473686,0.5745614035087727,0.2573251417769376,0.08525164511160717,0.05333971259179339,16.19781257120536,0.3451984126984127,1.8496732026143792,0.505701754385965,0.1894522408329561,0.11713605813955481,0.0755816662994816,22.255851046515414,0.4073881673881674,1.7794117647058822,0.46710526315789497,0.16047985513807153,0.030591109458813534,0.024573200785366,5.812310797174572,0.20325036075036076,2.026315789473684,0.5802631578947373,0.19714803078315984,0.01637830457136298,0.011955654750386072,3.1118778685589663,0.37977272727272726,1.9736842105263157,0.5872807017543865,0.29130828429153466,0.03995860880351003,0.03188687618160555,0.13394746264770027,7.592135672666905,0.22107142857142859,1.9947368421052631,0.583333333333334,0.23879583521955638,2.330503725394137e-12,2.7312425868455562e-12,2.0012160026293773e-12,9.433913667270812e-13,9.40142236058093e-13,6.587349896764376e-13,2.100563012592553e-13,1.2998920825728081e-13,4.665386457049013e-14,3.0501121472636863e-14
0.09361209410035945,0.06516580503529379,0.22281175742977116,0.003808469776374467,2.6211386348100647,0.32142857142857145,0.1875,2.0476190476190474,0.45833333333333337,0.21428571428571427,0.07378460473634527,0.05051673236539799,14.0190748999056,0.42383838383838385,1.95906432748538,0.5394736842105265,0.19216840199185153,0.0865576264478781,0.06451973871006925,16.445949025096837,0.37999084249084253,1.7973856209150327,0.5122807017543861,0.15097329108193752,0.05452861834609961,0.03859449148052469,10.360437485758926,0.4131673881673882,1.7279411764705883,0.47280701754385984,0.18447261204164783,0.02677989854359867,0.02253493964957537,5.088180723283747,0.3973840048840048,1.8771929824561404,0.5513157894736848,0.19307378904481662,0.017867599567585348,0.014045351826088747,3.394843917841216,0.3498015873015873,2.057894736842105,0.5750000000000007,0.2894975101856043,0.07785142684842701,0.06564253502761075,0.29605156082158784,14.791771101201132,0.2552777777777778,1.8830409356725146,0.5504385964912283,0.1810774105930285,5.8089362922439575e-12,4.165150412721024e-12,4.231304420740835e-12,1.6358587045580008e-12,9.699451362175358e-13,6.072634697414775e-13,1.8434779218023166e-13,1.2378343629756284e-13,4.919624219710539e-14,4.597242873530624e-14
0.06257701804721758,0.04461830953790098,0.17977930405911266,0.01116500113928583,1.7521565053220922,0.17857142857142858,0.0,2.4285714285714284,0.5309523809523807,0.35714285714285715,0.13510405191716962,0.08838268651160702,25.66976986426223,0.24236291486291486,1.9707602339181287,0.5372807017543866,0.1831145314622001,0.06638592836376284,0.04673158768893268,12.613326389114938,0.27531746031746035,2.146198830409357,0.5178947368421059,0.17247623358985967,0.08392784637287369,0.05682643324967005,15.946290810846001,0.3330988455988456,1.7166666666666666,0.42631578947368415,0.11885633270321361,0.03510045417244162,0.027312377285579333,6.669086292763907,0.32896825396825397,1.8529411764705883,0.45877192982456155,0.17677682209144413,0.023395448681597878,0.017626180630264915,4.445135249503597,0.29674603174603176,1.976608187134503,0.5372807017543866,0.22249886826618379,0.04592366956256564,0.03681337793689548,0.15009277041762964,8.725497216887472,0.34336996336996334,1.8830409356725146,0.5500000000000005,0.22204617473970123,1.489955719054029e-11,3.568668671529744e-11,4.452524335528615e-12,3.6301839333629402e-12,1.206718584493296e-12,1.026697333168123e-12,2.5868333964970844e-13,2.482624251520482e-13,6.742763747425045e-14,1.0258545856247353e-13
0.06431268513394746,0.045102928020684115,0.1961199179714202,0.0035480615865368967,1.800755183750529,0.14285714285714285,0.0,2.0952380952380953,0.4523809523809523,0.22448979591836735,0.08941029537484217,0.06617028130433589,16.987956121220012,0.24380952380952378,1.7720588235294117,0.4675438596491229,0.15663196016296965,0.0863282273911725,0.05495670619524821,16.402363204322775,0.34100649350649354,1.75,0.424561403508772,0.1324128564961521,0.04797267084576127,0.03724373441707336,9.11480746069464,0.2816269841269841,1.9707602339181287,0.5377192982456142,0.25645088275237665,0.022601203702593293,0.01976086948823848,4.294228703492726,0.3287301587301587,1.9842105263157894,0.5859649122807017,0.24196468990493433,0.03291970690372949,0.028554629858470997,6.254744311708603,0.2261904761904762,1.9473684210526316,0.5421052631578951,0.23924852874603894,0.032396492027569,0.025428854723630146,0.1230754207219817,6.155333485238111,0.2673809523809524,1.9415204678362572,0.5416666666666669,0.2598460842009959,5.6322716348119465e-12,5.160569663790189e-12,3.997759670433891e-12,2.4486939879376404e-12,1.2675734763110881e-12,7.616369558240277e-13,3.2935224976406313e-13,1.950028654216038e-13,1.2028817491389725e-13,1.098641099777934e-13
0.032546373583449195,0.022257029137427307,0.08375378405650857,0.0006184694508642297,0.9112984603365775,0.0,0.0,1.6666666666666667,0.3333333333333333,0.4897959183673469,0.049513362195241044,0.03540613534770655,9.407538817095798,0.2679004329004329,1.9473684210526316,0.5912280701754391,0.2811226799456768,0.03969237569363662,0.03307705531333785,7.541551381790958,0.3531135531135531,1.894736842105263,0.549122807017544,0.22249886826618379,0.26065129458847797,0.13529717038248565,49.52374597181082,0.14438672438672437,1.9542483660130718,0.4951754385964916,0.15414214576731552,0.03978728762598532,0.02717864231733761,7.55958464893721,0.26590548340548337,1.9298245614035088,0.5438596491228077,0.19375282933454052,0.019726263022551007,0.015911988756728612,3.747989974284691,0.328452380952381,1.9789473684210526,0.5877192982456148,0.23042100497962878,0.10008788776407018,0.07028739155377667,0.32788646202923083,19.016698675173334,0.23809523809523808,1.9947368421052631,0.5837719298245623,0.2842915346310547,3.78796649538589e-09,1.2262917680874503e-08,7.22957012590522e-10,2.2527561483707007e-09,1.8811777730889852e-10,5.877337230361309e-10,2.9366609094871456e-11,1.1128990616513461e-10,6.938522770458287e-12,2.1173091126723104e-11
0.06729691648802355,0.030235506398137477,0.11008756225383289,0.0034178574916181115,1.8843136616646594,0.17857142857142858,0.0,1.9047619047619047,0.47023809523809523,0.22448979591836735,0.06579041595068691,0.05105040010409332,12.500179030630513,0.3118831168831169,1.7794117647058822,0.4666666666666666,0.15414214576731552,0.054961718282882106,0.0366243041126315,10.4427264737476,0.2558730158730159,1.8496732026143792,0.5057017543859651,0.22046174739701221,0.25620071303874087,0.1372192263117471,48.67813547736076,0.3317748917748918,1.7794117647058822,0.4675438596491229,0.19624264373019468,0.03694455532731768,0.026128963266087404,7.019465512190359,0.36,1.976608187134503,0.5385964912280706,0.24128564961521054,0.025033279138734175,0.019811838918690008,4.756323036359493,0.29643578643578644,2.0,0.5837719298245618,0.23585332729741965,0.08132650561333839,0.060692025981885375,0.26597441489534845,15.452036066534294,0.33651875901875905,1.8235294117647058,0.5092105263157894,0.1939791760977818,3.801625662769109e-12,3.778357720440678e-12,1.0815759923738427e-12,4.4996032516015565e-13,6.61614427888854e-12,7.678226107431916e-12,4.207034919438171e-13,3.5717852350788886e-13,2.1555804581058024e-13,4.150356545097194e-13
0.04458560221718973,0.03096427862383444,0.13668174864099475,0.0017252042576739038,1.2483968620813126,0.03571428571428571,0.3333333333333333,1.6,0.3869047619047619,0.07142857142857145,0.053660876581936925,0.046736906388337524,10.195566550568016,0.2208730158730159,2.094736842105263,0.5701754385964918,0.29900407424173836,0.04242751829281873,0.03263488263049387,8.06122847563556,0.21638888888888888,2.068421052631579,0.5741228070175451,0.22612041647804437,0.28288518568645826,0.15301622539757181,53.748185280427066,0.09488095238095237,1.8431372549019607,0.5070175438596494,0.15685830692621094,0.03418577040563715,0.026413225574753316,6.495296377071059,0.2158008658008658,1.8888888888888888,0.5495614035087721,0.1939791760977818,0.02530036885449521,0.024163158371571302,4.80707008235409,0.398015873015873,2.0631578947368423,0.5741228070175447,0.2428700769578995,0.059007467890128305,0.04928662610651065,0.20295563295465643,11.211418899124379,0.28825396825396826,1.8235294117647058,0.5087719298245613,0.2166138524219104,4.8935843629327895e-12,5.539802515267098e-12,1.0091869631383243e-12,3.64086558980771e-13,4.816631681503995e-12,5.445912813331075e-12,3.160093425237831e-13,1.4977779702085883e-13,9.643660888360133e-14,6.602580445938996e-14
0.05188051914232702,0.02812122652694441,0.09869470394843918,0.0064125516747501705,1.4526545359851566,0.0,0.17916666666666667,1.8095238095238095,0.4821428571428572,0.20408163265306123,0.03671053059881891,0.028381189474216865,6.975000813775593,0.28178571428571425,1.95906432748538,0.5394736842105267,0.21480307831598008,0.057325093926835574,0.03507651386724306,10.891767846098759,0.2481746031746032,1.976608187134503,0.5377192982456143,0.2084653689452241,0.23237918858863899,0.13781365143599394,44.152045831841406,0.26435786435786435,1.675,0.4324561403508771,0.10706201901312812,0.06020311838807331,0.0393228463544932,11.438592493733928,0.2893650793650794,1.6583333333333334,0.4342105263157895,0.11158895427795384,0.022134182172660912,0.016284697733203686,4.205494612805573,0.17357142857142857,1.908496732026144,0.4978070175438602,0.1482571299230421,0.07151665498827307,0.058874111483110204,0.2797760489567397,13.588164447771884,0.3977705627705628,1.9064327485380117,0.5473684210526315,0.16115889542779538,4.294501640255109e-12,3.0461059522293716e-12,2.9922763412003304e-12,1.5594073704083196e-12,5.721758900610188e-12,6.896318211064079e-12,4.201919141334106e-13,3.326204688678596e-13,1.3846693232592392e-13,2.050691339611108e-13
0.041136356238403705,0.028322099926958513,0.09579766283649621,0.0013345919729175482,1.1518179746753037,0.0,0.1875,2.0,0.4613095238095238,0.21428571428571427,0.04908728642673708,0.03452273730978216,9.326584421080044,0.22305555555555562,2.0116959064327484,0.5337719298245618,0.2066545948392938,0.055194029799605616,0.0367096783844184,10.486865661925068,0.3989285714285714,2.0,0.5346491228070183,0.3051154368492531,0.13480543910474405,0.1099156993317642,25.61303342990137,0.4293253968253968,1.6985294117647058,0.4763157894736843,0.11543684925305567,0.042104063909652066,0.035595350355096186,7.999772142833892,0.4903571428571428,1.931578947368421,0.5947368421052636,0.2741059302851969,0.02779840294398311,0.02444112346202914,5.281696559356791,0.3464285714285714,1.9789473684210526,0.5899122807017543,0.21163422363060208,0.048748070495238126,0.04902804883458552,0.29077829497737706,9.262133394095244,0.3277838827838828,1.8235294117647058,0.5087719298245615,0.17179719330013582,7.602051118940962e-12,6.459241204041655e-12,1.1721592162771532e-11,8.024787460907773e-12,1.758880462049767e-11,2.3154748533092097e-11,7.37502555414849e-13,6.830803016359773e-13,8.710225592679084e-14,7.329222130275977e-14
0.06374536729180133,0.03973867076624405,0.15679828130594708,0.0034178574916181115,1.7848702841704374,0.21428571428571427,0.25833333333333336,1.6666666666666667,0.5,0.12244897959183669,0.0561525717878564,0.042247891816047885,10.668988639692717,0.369484126984127,2.0994152046783627,0.523684210526316,0.2175192394748755,0.048716718719751105,0.040711674782533486,9.25617655675271,0.3767965367965368,1.7894736842105263,0.5640350877192984,0.17949298325033952,0.08110019033782823,0.06098181702281984,15.409036164187363,0.5034415584415585,1.9239766081871346,0.5478070175438596,0.12064282480760521,0.05600437896929753,0.03769538896790259,10.640832004166532,0.6648484848484849,1.8596491228070176,0.5535087719298248,0.2501131733816207,0.022785202647254834,0.02600352445591087,4.329188502978418,0.42747252747252745,2.0210526315789474,0.5820175438596492,0.2917609778180172,0.04452911517751445,0.039371611256888234,0.19364604016796327,8.460531883727745,0.2533730158730159,1.935672514619883,0.5429824561403511,0.21978270710728837,1.4376242908705587e-11,7.558876230813697e-11,1.711169505937619e-12,3.854026796527657e-12,1.3027179955492887e-12,1.2126108722497767e-12,2.3555749045624074e-13,1.9270603893987326e-13,1.1595317814930688e-13,1.575089334002351e-13
0.07570205582965585,0.04300272386021273,0.1618762410077797,0.0017252042576739038,2.119657563230364,0.25,0.47916666666666663,1.3,0.30357142857142855,0.03061224489795919,0.05298295868247162,0.04190706758685885,10.066762149669607,0.47847818847818846,1.8362573099415205,0.5570175438596493,0.16410140334993212,0.05997406197372276,0.04053962125892669,11.395071775007324,0.3631288156288156,1.7973856209150327,0.5157894736842106,0.18809416025350836,0.12948009162256574,0.08030857663587049,24.60121740828749,0.5772283272283273,1.95906432748538,0.5416666666666666,0.15187867813490266,0.06660145040508893,0.04253663028645851,12.654275576966896,0.3192857142857143,1.8014705882352942,0.46447368421052626,0.13128112267994568,0.022821180094535022,0.01734891704785786,4.336024217961654,0.31203463203463205,1.9707602339181287,0.5364035087719295,0.21431947069943288,0.06050550026640444,0.046072609274207574,0.23850135086748478,11.496045050616843,0.30488095238095236,1.894736842105263,0.5482456140350879,0.24083295608872793,7.872974031746697e-10,3.834426906553345e-09,2.437378859165493e-10,1.2407757615576076e-09,9.66119951855715e-11,4.4035354178614266e-10,1.0945712609155991e-11,4.796572274172059e-11,2.3975055503373905e-12,1.1922288379352167e-11
0.10667900505470897,0.06107752993910707,0.22216073695517724,0.006998470101884704,2.987012141531851,0.5,0.0,1.6,0.38690476190476186,0.07142857142857145,0.04853597487746253,0.03598664903819668,9.22183522671788,0.2907936507936508,1.9415204678362572,0.5412280701754393,0.2904028972385695,0.08745500677575259,0.05927140837347791,16.61645128739299,0.42580724830724836,1.7450980392156863,0.5192982456140351,0.1856043458578542,0.08676869413858854,0.052461866689426775,16.486051886331822,0.3471428571428571,1.9064327485380117,0.5478070175438599,0.16908103214124037,0.06329135393413386,0.04211798745013223,12.025357247485433,0.2843253968253968,1.8455882352941178,0.46008771929824577,0.17587143503847896,0.01888953039152029,0.015699027891262103,3.589010774388855,0.3586183261183261,1.8830409356725146,0.5500000000000003,0.24513354459031234,0.007182126404191201,0.005415873219092048,0.030630513329644216,1.3646040167963283,0.2594047619047619,1.8954248366013071,0.5000000000000003,0.20846536894522405,2.465842489791493e-12,3.4291473909545557e-12,8.253241488773693e-13,4.2008354548899344e-13,1.1017215299052486e-12,7.554280209219453e-13,2.275483852914173e-13,1.9275576803598035e-13,6.524710409954995e-14,4.4940532716426745e-14
0.06044260091979892,0.04684932894131781,0.16897236418085348,0.0007486735457830149,1.6923928257543697,0.25,0.35833333333333334,1.5333333333333334,0.39285714285714285,0.07142857142857145,0.06388018482128632,0.04553218029388215,12.137235116044401,0.21976190476190477,1.9883040935672514,0.5359649122807022,0.22159348121321862,0.047327646612380696,0.039074158127448716,8.992252856352332,0.4404487179487179,1.894736842105263,0.6004385964912282,0.19262109551833406,0.0613286985244107,0.0436009824164678,11.652452719638033,0.358437950937951,1.8104575163398693,0.5105263157894742,0.21389769126301494,0.054232746672514424,0.033860407190338726,10.304221867777741,0.3785714285714285,1.8888888888888888,0.5004385964912283,0.20054323223177908,0.016133143966325113,0.013513509877482947,3.065297353601771,0.26869047619047615,2.1,0.5675438596491234,0.27339319470699436,0.06642224845339807,0.043600805721674914,0.2187754304872888,12.620227206145634,0.4121933621933622,1.9941520467836258,0.5364035087719302,0.20529651425984607,1.5704764168711282e-09,5.587094265776975e-09,3.6783937051043013e-10,1.2737987471647035e-09,1.1118462349511427e-10,4.666393023651313e-10,1.5737900385922137e-11,5.775117646765411e-11,5.086595690130069e-12,1.579093864046213e-11
0.06552869837756396,0.03690135096595617,0.13746297321050746,0.002571530874646008,1.8348035545717911,0.17857142857142858,0.3125,1.6666666666666667,0.38095238095238093,0.20408163265306123,0.05652108364071209,0.04385322236448585,10.739005891735296,0.3483028083028083,1.912280701754386,0.5464912280701758,0.23064735174287004,0.059125508181442826,0.042920239517523745,11.233846554474137,0.37885642135642134,1.9150326797385622,0.4973684210526322,0.17541874151199638,0.16654628498592597,0.0899956738180728,31.643794147325934,0.19243506493506493,1.8169934640522876,0.5096491228070178,0.14870982344952466,0.06870373257449473,0.05107346346030063,13.053709189153999,0.29167388167388175,1.9473684210526316,0.591666666666667,0.22249886826618376,0.05588702396269311,0.038280369877201056,10.61853455291169,0.43665750915750917,1.894736842105263,0.5482456140350881,0.17790855590765056,0.061219566934327445,0.04890486623686779,0.2075778783242733,11.631717717522214,0.3101984126984127,1.935672514619883,0.5429824561403511,0.21435038478949753,1.2138657890561937e-10,6.170342502725082e-10,1.3841486800696557e-10,6.739548461204059e-10,2.846140996024063e-11,1.1919373508328362e-10,4.703450611580736e-12,2.4419714883989052e-11,8.224194840037967e-13,3.71649765761324e-12
0.05613540295842305,0.034658640944166444,0.1354448097392663,0.00836561309853195,1.5717912828358453,0.14285714285714285,0.35833333333333334,1.5333333333333334,0.39285714285714285,0.07142857142857145,0.03592193921867264,0.02818233117413614,6.8251684515478015,0.20285714285714285,1.9789473684210526,0.5868421052631586,0.24943413309189677,0.057779266368453604,0.04152728913170295,10.978060610006185,0.3642857142857142,1.9542483660130718,0.49342105263157926,0.21050248981439562,0.04413147872447956,0.03990937714411157,8.384980957651116,0.3831313131313131,1.9215686274509804,0.49736842105263196,0.17383431416930736,0.052825171877971346,0.04225985385386263,10.036782656814555,0.357063492063492,1.9824561403508771,0.5364035087719301,0.2166138524219104,0.05206844623684468,0.044585838310224446,9.893004785000489,0.45489593739593737,1.8496732026143792,0.5070175438596494,0.21638750565866904,0.04590996386836366,0.03750307874605694,0.1688421600859347,8.722893134989095,0.2538492063492063,1.8304093567251463,0.5578947368421056,0.25871435038478946,4.340482704586803e-12,7.337422327646823e-12,4.619057163199273e-13,2.70767409964999e-13,1.0941498730775356e-12,1.0584869985129253e-12,6.373304227044448e-13,1.151156374138642e-12,9.033997625484973e-13,2.063522294454536e-12
0.03699888861504695,0.029322415486981713,0.12229419615246899,0.0002278571661078741,1.0359688812213146,0.03571428571428571,0.2916666666666667,1.9523809523809523,0.46428571428571414,0.35714285714285715,0.0494868074127247,0.03233524931945991,9.402493408417694,0.23062770562770565,1.9649122807017543,0.5385964912280709,0.2100497962879131,0.06339329003476107,0.04904345458218338,12.044725106604604,0.46772727272727277,1.7973856209150327,0.5122807017543861,0.18401991851516525,0.05073967918396296,0.04069972885140511,9.640539044952963,0.42630952380952386,1.9298245614035088,0.5451754385964915,0.23607967406066094,0.06442806994701036,0.041621124728288,12.24133328993197,0.27384920634920634,1.8431372549019607,0.5061403508771934,0.17994567677682213,0.020059654034014107,0.01443548402645989,3.8113342664626804,0.24500000000000002,2.0526315789473686,0.576315789473685,0.28655500226346764,0.03714962677681476,0.03030838403745574,0.1554962403567592,7.058429087594805,0.3751984126984127,2.087719298245614,0.5272807017543862,0.23245812584880038,4.753401853423544e-12,1.0037924757215984e-11,4.844424320454131e-13,2.0413366097382938e-13,1.011999476203106e-12,8.717398222096071e-13,2.0843854292632961e-13,1.5783376348853843e-13,1.4074478408618792e-13,1.6507200141032037e-13
0.05146200598008808,0.047672096673845345,0.21884053253474822,0.004264184108590215,1.440936167442466,0.10714285714285714,0.1875,1.6,0.3869047619047619,0.12244897959183669,0.0517941610316276,0.039100445522388914,9.840890596009244,0.15904761904761905,2.026315789473684,0.5802631578947383,0.23562698053417833,0.05225655688976681,0.03704159974791437,9.928745809055695,0.28112554112554117,1.8562091503267975,0.5043859649122807,0.17722951561792666,0.06646011043363104,0.0483488382857404,12.627420982389896,0.4431379731379731,1.9157894736842105,0.5964912280701757,0.17858759619737435,0.070902811209202,0.047199877337094825,13.471534129748381,0.30095238095238097,1.8602941176470589,0.4578947368421052,0.11883205070167498,0.03871241855819524,0.03787131532817181,7.355359526057095,0.4719246031746033,1.9526315789473685,0.5916666666666671,0.21253961068356725,0.06926618000030837,0.060476635468166284,0.3167540119136747,13.160574200058592,0.3987301587301587,2.0233918128654973,0.5315789473684215,0.29764599366229066,1.463385786828292e-11,3.072244060138906e-11,5.399653521643623e-13,3.8377087454840234e-13,9.613896292528316e-13,8.594413340494608e-13,1.9613674935584065e-13,1.6859363413620796e-13,8.47230762097424e-14,1.0202239052252595e-13
0.05430673294675118,0.03857239432048296,0.14716317828195696,0.004231633084860519,1.520588522509033,0.17857142857142858,0.0,1.9285714285714286,0.5952380952380951,0.1938775510204082,0.05819917457456669,0.0347248239130789,11.057843169167672,0.2629365079365079,2.068421052631579,0.5741228070175443,0.2634676324128565,0.05435164356971658,0.042874294853405125,10.32681227824615,0.45409812409812406,1.95906432748538,0.5403508771929827,0.21253961068356722,0.05938831486776575,0.046793248936891345,11.283779824875493,0.31946969696969696,1.6833333333333333,0.4315789473684209,0.11023087369850611,0.08189854702509343,0.05341763447346583,15.56072393476775,0.26811327561327564,1.6666666666666667,0.4333333333333333,0.10570393843368041,0.026803026902564506,0.023477656185804434,5.092575111487256,0.4956617647058824,1.8128654970760234,0.5605263157894737,0.21865097329108193,0.08112023491559862,0.05313781362575848,0.25100094397968814,15.412844633963738,0.2413095238095238,1.9824561403508771,0.5381578947368425,0.2317790855590765,4.503106324210538e-12,8.300387987223649e-12,3.7099336717383934e-13,2.1029322336587474e-13,6.310442246248141e-13,4.794778105151508e-13,1.392131639651407e-13,1.3984541728033788e-13,3.912998529647992e-14,2.4469145672127116e-14
0.053487144670699885,0.04470253725451974,0.14709807623449758,0.0001627551186484815,1.4976400507795968,0.25,0.0,1.8095238095238095,0.4821428571428571,0.20408163265306123,0.10511102468909489,0.0631384494098472,19.97109469092803,0.22039682539682537,1.8830409356725146,0.5508771929824562,0.17926663648709823,0.04558068456516115,0.03878793159128823,8.660330067380619,0.3952380952380953,2.0473684210526315,0.5789473684210533,0.20122227252150296,0.06333658272500038,0.04252177956513111,12.033950717750074,0.31532467532467534,2.0116959064327484,0.5342105263157899,0.23924852874603894,0.07405837597802975,0.04840716815560319,14.071091435825654,0.2507936507936508,1.9411764705882353,0.49473684210526353,0.18220914440923494,0.06515875476915328,0.04240818742212439,12.380163406139124,0.298968253968254,2.0116959064327484,0.5337719298245619,0.22657311000452696,0.042634645596446114,0.033695344430599565,0.18876338660850883,8.100582663324762,0.37071428571428566,1.9064327485380117,0.5464912280701758,0.2532820280669986,2.439750528982972e-10,1.4228911516567377e-09,1.9351344044865653e-11,6.13263647538468e-11,8.852757443174428e-12,3.039235797772239e-11,3.883568967194005e-12,1.3648674437766369e-11,2.0017351234464295e-12,4.807767534311714e-12
0.06624598343617907,0.042705463987567555,0.16402460857393966,0.0015298981152957261,1.854887536213014,0.25,0.3583333333333333,1.5333333333333334,0.39285714285714285,0.07142857142857145,0.05105679468356121,0.03866181720221754,9.70079098987663,0.3392352092352092,1.935672514619883,0.5425438596491229,0.19533725667722956,0.07191394879895288,0.047443701972958066,13.663650271801048,0.5012121212121211,2.042105263157895,0.5785087719298255,0.2329108193752829,0.15334718750588916,0.11295468087984124,29.13596562611894,0.2648809523809524,1.6833333333333333,0.4315789473684211,0.13218650973291082,0.04299339214218287,0.033390906011493304,8.168744507014745,0.321504329004329,1.9298245614035088,0.542982456140351,0.23743775464010858,0.03212717513650015,0.022242856001634066,6.104163275935029,0.298517316017316,1.869281045751634,0.5035087719298247,0.19262109551833412,0.05322880457221959,0.041950318339551707,0.1836203248592168,10.113472868721722,0.28774891774891775,1.8235294117647058,0.46228070175438607,0.13648709823449526,6.25822965097266e-12,2.0816725915003485e-11,4.55178584801676e-12,1.654685260139188e-12,9.315058800136799e-12,1.0168144389616473e-11,6.786802145257519e-13,4.635577198041881e-13,1.2780319159580744e-13,9.856097092877074e-14
0.05839886164419871,0.04128165157039745,0.17307379317079521,0.0032225513492399336,1.635168126037564,0.14285714285714285,0.5,1.3,0.30357142857142855,1.1102230246251565e-16,0.040949016530780424,0.028529260745731602,7.78031314084828,0.36464285714285716,2.036842105263158,0.5780701754385968,0.2763693979176098,0.07185244449622151,0.04909106104104159,13.651964454282087,0.20973665223665222,1.8758169934640523,0.5008771929824563,0.14744801512287337,0.21917512279445397,0.11684602173517272,41.64327333094626,0.2565440115440115,1.8014705882352942,0.46447368421052626,0.11453146220009051,0.046908766333332755,0.037391020130412504,8.912665603333224,0.3571031746031746,1.725,0.42719298245614024,0.1468990493435944,0.042308278753261534,0.03141872146771579,8.038572963119691,0.38929292929292925,1.9005847953216375,0.5456140350877196,0.261578449905482,0.07730559757683327,0.0604974429378815,0.24175645324045442,14.68806353959832,0.5711377511377511,1.9052631578947368,0.5982456140350882,0.27976459936622905,5.29686031291596e-10,1.9282384272174746e-09,7.951268030711395e-11,2.410386340020814e-10,3.2493333999476144e-11,9.004653253016066e-11,6.0825632919199824e-12,1.9209457371458292e-11,2.0405333214414087e-12,7.030208843807644e-12
