ft_theta_pli_mean,ft_theta_pli_std,ft_theta_pli_min,ft_theta_clustering_coefficient,ft_theta_path_length,ft_theta_global_efficiency,ft_theta_modularity,delta_pli_mean,delta_pli_std,delta_clustering_coefficient,delta_path_length,delta_global_efficiency,delta_modularity,theta_pli_mean,theta_pli_std,theta_clustering_coefficient,theta_path_length,theta_global_efficiency,theta_modularity,alpha_pli_mean,alpha_pli_std,alpha_clustering_coefficient,alpha_path_length,alpha_global_efficiency,alpha_modularity,beta_pli_mean,beta_pli_std,beta_clustering_coefficient,beta_path_length,beta_global_efficiency,beta_modularity,gamma_pli_mean,gamma_pli_std,gamma_clustering_coefficient,gamma_path_length,gamma_global_efficiency,gamma_modularity,whole_brain_pli_mean,whole_brain_pli_max,whole_brain_clustering_coefficient,whole_brain_path_length,whole_brain_global_efficiency,whole_brain_modularity,delta_power_mean,theta_power_std,beta_power_mean
0.044635591289346,0.0345135877184397,0.0015950001627551,0.0,2.0,0.4613095238095237,0.2142857142857142,0.0429229791382202,0.0307404293834383,0.3283333333333332,2.036842105263158,0.5780701754385972,0.2695789950203712,0.0501174406671931,0.0388904603464867,0.3114285714285714,2.0,0.5346491228070182,0.2478497057492078,0.0924325722675557,0.0604544916375525,0.382550505050505,1.9824561403508767,0.535964912280702,0.2514712539610684,0.0343665142479257,0.026189920106534,0.3937698412698412,1.9298245614035088,0.5412280701754393,0.231805293005671,0.0365964306945874,0.0314486972270405,0.3836363636363636,2.094736842105263,0.5714912280701758,0.2383431416930738,0.031010846343749,0.1518505256990332,0.2757936507936508,1.8366013071895424,0.5070175438596491,0.1951109099139882,2.0010837585460126e-09,1.891963636521917e-09,1.6957918033889883e-11
0.0457690644370765,0.0372675104808285,0.0044594902509683,0.4791666666666666,1.3,0.3035714285714285,0.0306122448979591,0.0501756898675515,0.0402613953556753,0.2943578643578644,1.906432748538012,0.5469298245614035,0.1944318696242643,0.0469850042573312,0.0347208462941228,0.2077777777777777,1.95906432748538,0.5399122807017546,0.243322770484382,0.11861061951451,0.0727566963429357,0.3427056277056277,1.976608187134503,0.5377192982456143,0.2415119963784517,0.0393855394646898,0.0310146417643089,0.3681593406593407,2.1052631578947367,0.5727192982456143,0.2279311905839746,0.0246080599761178,0.0221411153345791,0.4069047619047617,2.0052631578947366,0.5815789473684215,0.2550928021729289,0.0615303435503572,0.2536050258780639,0.4584165834165833,1.8421052631578947,0.5561403508771932,0.2270258035310095,2.261472785514074e-09,6.443040413548617e-10,1.4386037526055504e-11
0.0300690081703069,0.0252079805262689,0.0006184694508642,0.1875,1.7333333333333334,0.3988095238095237,0.326530612244898,0.0574069854496923,0.0417374186022206,0.2655555555555556,1.8235294117647056,0.5087719298245613,0.1939791760977818,0.0741195376384061,0.0590639563093813,0.3059848484848485,2.1157894736842104,0.5694736842105262,0.1946582163875056,0.1507595524405558,0.1354398782974987,0.4966071428571429,1.7516339869281046,0.5184210526315788,0.1903576278859212,0.057976285722607,0.0842285638563036,0.4066911764705883,1.8421052631578947,0.6087719298245615,0.2168401991851516,0.0313892948249011,0.0329434139043859,0.3926623376623376,1.9532163742690056,0.541666666666667,0.2014486192847442,0.0518688570650283,0.2206633898636112,0.1986111111111111,1.9684210526315788,0.5877192982456143,0.2385694884563151,1.3259698535472384e-11,2.8761747252913265e-12,7.809779853137822e-13
0.0471176068487353,0.0335853306960731,0.0009439796881611,0.0,1.6666666666666667,0.3809523809523809,0.1224489795918366,0.052708844798432,0.0370670856369917,0.2826190476190476,2.031578947368421,0.5793859649122812,0.2521502942507922,0.0431844152551229,0.0317609994853232,0.2348412698412698,1.8366013071895424,0.5074561403508773,0.1912630149388863,0.0797940376803797,0.0459670101170521,0.3094047619047618,1.9649122807017545,0.5377192982456147,0.271842462652784,0.0355959150178431,0.0261556611568184,0.2508585858585859,1.9894736842105265,0.5850877192982469,0.2014486192847442,0.0208900477814764,0.016583679765073,0.2822294372294372,1.8596491228070176,0.553947368421053,0.1944318696242643,0.0455638950897637,0.2551023729696299,0.2498412698412698,1.8496732026143792,0.5052631578947374,0.1813037573562698,3.243470432141023e-12,6.580657659294457e-13,6.611289388201404e-13
0.0400877482596827,0.0311936290832918,0.0034504085153478,0.0,2.0,0.4613095238095237,0.2142857142857142,0.073117480071064,0.0547554771730366,0.3305494505494505,1.8830409356725144,0.5500000000000005,0.2141240380262562,0.0391503154879484,0.0311406867195255,0.3372222222222222,1.8104575163398693,0.510526315789474,0.2392485287460389,0.1140822581501767,0.0785965877209257,0.3850396825396825,1.8758169934640525,0.5021929824561404,0.19895880488909,0.0259018775087844,0.0193509098106397,0.3007539682539682,2.0584795321637426,0.5271929824561411,0.2351742870076957,0.0277857251768462,0.0255926300584648,0.3984188034188033,1.7720588235294117,0.4679824561403509,0.1717971933001357,0.04609293488596,0.1855733862829986,0.3760930735930736,1.8366013071895424,0.5074561403508778,0.243322770484382,4.832136013513463e-12,1.1103447538119092e-12,1.0926945667682272e-12
0.1266478955763159,0.0559846932735613,0.0336252075127762,0.0,1.9047619047619049,0.4702380952380952,0.2244897959183673,0.0381686451407317,0.0298052510494373,0.3190476190476191,1.894736842105263,0.6000000000000006,0.2283838841104571,0.1009828695954593,0.0743564837439381,0.3998934398934399,1.625,0.4377192982456141,0.154594839293798,0.1045720482646021,0.0730006308516134,0.5384271284271284,1.816993464052288,0.5096491228070181,0.219556360344047,0.0341789175585361,0.0247178932802976,0.2626154401154401,1.9684210526315788,0.5890350877192985,0.2152557718424626,0.0240450985867716,0.0280740982404565,0.318968253968254,1.931578947368421,0.5942982456140357,0.2197827071072883,0.0416670235857865,0.171055629699554,0.3369227994227994,1.976608187134503,0.537719298245615,0.2464916251697601,6.3206280847789676e-12,3.328980669841312e-12,2.984029560338173e-13
0.1813103647109701,0.0781065176669027,0.0206699000683571,0.0,1.809523809523809,0.4821428571428571,0.2040816326530612,0.0535364974070539,0.0342479323933933,0.3328174603174603,2.0116959064327484,0.5324561403508774,0.240153915799004,0.1574638640806306,0.08008484491108,0.2562049062049062,1.8562091503267972,0.5043859649122813,0.1468990493435944,0.1178773648747042,0.0761598189018509,0.3842712842712842,1.8083333333333331,0.4232456140350881,0.1622906292440018,0.0346949369452406,0.025340746508846,0.2516666666666666,2.1052631578947367,0.569736842105264,0.2478497057492077,0.0259597840667878,0.0242114334702795,0.2756349206349206,2.126315789473684,0.5657894736842114,0.2691263014938886,0.0452435244877925,0.1597929754890791,0.308452380952381,1.786764705882353,0.4662280701754386,0.1727025803531009,3.3258663605211026e-12,1.8477487069343707e-12,4.0713928106250163e-13
0.1239019842174036,0.0568143630609121,0.0230786758243546,0.0,1.809523809523809,0.4821428571428571,0.2040816326530612,0.0538705737032271,0.0371211468441397,0.2735714285714285,2.221052631578947,0.5566666666666676,0.2089180624717066,0.0969835480273223,0.0568164744661405,0.3004365079365079,1.8888888888888888,0.5013157894736844,0.229062924400181,0.0880520610794261,0.0625119467754347,0.286576479076479,2.236842105263158,0.557105263157895,0.260751471253961,0.0570180863767112,0.0409356551291135,0.5108080808080808,1.8888888888888888,0.5495614035087719,0.2609778180172024,0.0350601936957233,0.041184143106223,0.4028754578754578,1.843137254901961,0.5078947368421053,0.1591217745586238,0.0475882261233957,0.2149344096871846,0.3153968253968254,1.9239766081871343,0.5438596491228074,0.1923947487550927,5.8192327124766556e-12,1.5348660813135554e-12,5.177573462965752e-13
0.2060503052821011,0.0894535429297065,0.0266592884346212,0.3583333333333333,1.5333333333333334,0.3928571428571428,0.0714285714285714,0.0388700340415179,0.0288695188888761,0.3615873015873015,1.9941520467836256,0.5346491228070179,0.1901312811226799,0.1637737943700434,0.0849577438764635,0.401969696969697,1.9239766081871343,0.5451754385964918,0.208465368945224,0.0912218455059885,0.0677549808721102,0.3088492063492064,2.0292397660818717,0.5307017543859657,0.2030330466274332,0.0377007670049117,0.027990224951342,0.3678030303030303,1.9649122807017545,0.5399122807017546,0.1946582163875056,0.0281256263930553,0.0288590524399789,0.32002886002886,2.0,0.58421052631579,0.2539610683567225,0.0473439221242455,0.17255297679112,0.33,1.9649122807017545,0.5385964912280711,0.2134449977365324,8.148519772955699e-12,3.716238308448263e-12,6.746506568277897e-13
0.1067778206624598,0.0774514549048059,0.0009439796881611,0.1875,1.6,0.3869047619047619,0.1224489795918366,0.0463096561755288,0.0312762009482262,0.3438888888888889,1.9947368421052631,0.5837719298245616,0.2408329560887279,0.1032014788444043,0.0620576257623741,0.2500901875901876,1.8496732026143792,0.5057017543859655,0.1693073789044816,0.1019880109439968,0.0647968232626365,0.267063492063492,2.0157894736842104,0.5811403508771938,0.2374377546401086,0.0439449099621551,0.0328892270783727,0.3471320346320346,2.294736842105263,0.5543859649122808,0.2166138524219104,0.0311249462479805,0.0294656359480259,0.3304761904761905,2.0842105263157893,0.573684210526316,0.2573562698053418,0.0468940327120656,0.1895446111780215,0.36,2.0350877192982457,0.5311403508771936,0.2856496152105024,3.521157983893232e-12,1.2199908830057008e-12,3.550865384510481e-13
0.067155087027487,0.0288229211562339,0.0243807167735425,0.1875,1.6,0.3869047619047619,0.1224489795918366,0.0437595404480734,0.0327768238238229,0.3836940836940837,1.9789473684210528,0.5868421052631584,0.2129923042100497,0.0593619314064269,0.039717761090793,0.3914249639249639,1.9707602339181287,0.5381578947368427,0.2098234495246718,0.110999847524152,0.0761358398206868,0.4669472194472194,1.65,0.4350877192982456,0.1251697600724309,0.0331168975790604,0.0261303345207155,0.3097619047619048,1.8954248366013071,0.4995614035087719,0.1672702580353101,0.0178038680895461,0.0137952198603825,0.2753174603174603,1.912280701754386,0.5456140350877199,0.2197827071072884,0.0278753261526917,0.134077666742619,0.3294083694083694,2.1052631578947367,0.5255263157894741,0.2288365776369398,2.468700377438286e-12,1.723757356606988e-12,3.245083267393993e-13
0.0371197924174715,0.0219311561966849,0.0021158165424302,0.0,2.821428571428572,0.5035714285714284,0.3775510204081632,0.0519743909103836,0.0373806339409233,0.3967424242424242,1.8758169934640525,0.5030701754385969,0.1976007243096423,0.0357370836681234,0.0250085090221334,0.2365873015873016,1.9947368421052631,0.5850877192982462,0.2600724309642372,0.0777861534797901,0.0510550288974029,0.3809126984126983,1.908496732026144,0.497368421052632,0.2390221819827976,0.0248936523790515,0.0186514930478451,0.2988492063492063,2.0157894736842104,0.5815789473684212,0.24649162516976,0.0210478345859766,0.0230934722617763,0.416484593837535,1.8789473684210527,0.6026315789473685,0.1822091444092349,0.0286308525455757,0.1052374597181081,0.2934126984126983,1.935672514619883,0.5429824561403512,0.2548664554096876,1.3150055796417344e-11,5.209738851359997e-12,3.91014947860199e-13
0.044274042418634,0.0264389876986579,0.0050454086781029,0.0,2.4285714285714284,0.530952380952381,0.3571428571428571,0.0735947808716478,0.0447052340636426,0.2629761904761905,2.0526315789473686,0.5754385964912286,0.2415119963784517,0.0433923991646379,0.0311877322140236,0.2896031746031746,1.9842105263157892,0.5855263157894743,0.2476233589859665,0.0900193421609425,0.0700791292090908,0.2026731601731601,1.9239766081871343,0.5451754385964912,0.1903576278859212,0.0423774925089815,0.0267245641206205,0.2225,2.0,0.5342105263157902,0.202127659574468,0.027676593586763,0.0183545002156654,0.2531349206349206,2.026315789473684,0.577631578947369,0.2398393194706994,0.070913604443386,0.2118746134565932,0.2859018759018759,1.7205882352941178,0.4736842105263157,0.1496152105024897,5.536390097034753e-12,5.238388954368678e-13,2.0158706098121614e-13
0.0540579501225313,0.0469230542378303,0.0004882653559454,0.0,1.6666666666666667,0.3809523809523809,0.1224489795918366,0.0470535327283411,0.0399618074174557,0.2411660561660561,1.936842105263158,0.5942982456140355,0.2315527387958352,0.0578416272770726,0.0428382676081546,0.2711147186147186,1.95906432748538,0.5403508771929828,0.2378904481665912,0.072268583636429,0.0512333663688465,0.2469047619047618,1.91812865497076,0.5456140350877197,0.2392485287460389,0.0620437931193988,0.0410199818935264,0.2953787878787878,1.95906432748538,0.5399122807017549,0.2308736985061114,0.0465901089431367,0.0378757716047048,0.3956746031746032,1.9052631578947368,0.5982456140350881,0.2686736079674061,0.0357704912977407,0.1499625663227108,0.2717063492063492,1.976608187134503,0.5342105263157894,0.2743383742911153,5.2679006722657224e-11,8.709949140755513e-12,5.028591014993772e-13
0.0694906229800927,0.042846181599489,0.0062823475798313,0.3333333333333333,1.8666666666666667,0.3660714285714285,0.2040816326530612,0.0854395844433518,0.0566644501953637,0.2689743589743589,1.8362573099415205,0.5570175438596493,0.2039384336803983,0.0651981586399839,0.0432774077300374,0.3194047619047619,1.934640522875817,0.4951754385964916,0.2012222725215029,0.1579092991421948,0.1154005006849598,0.3665112665112665,1.725,0.4276315789473687,0.091217745586238,0.0436869002688029,0.0344903647626867,0.4332539682539682,1.8070175438596487,0.5614035087719297,0.1844726120416477,0.0200031180454309,0.0150730279095514,0.3476190476190476,1.8235294117647056,0.4614035087719298,0.1853779990946129,0.0596752778401196,0.2071221639920575,0.3276984126984127,1.8366013071895424,0.5074561403508773,0.2197827071072883,5.8449106284709794e-12,5.20363571088279e-13,2.485704095902376e-13
0.0506703185815193,0.035520435690162,0.001920510400052,0.0,1.6,0.3869047619047619,0.0714285714285714,0.0562010556810959,0.039429860927768,0.2965223665223664,1.9894736842105265,0.585087719298246,0.2397012222725215,0.0465250068956773,0.0347607808248868,0.2070851370851371,1.8771929824561404,0.5508771929824563,0.1976007243096423,0.0939905670559654,0.0764720847656392,0.3102869352869353,1.9789473684210528,0.5872807017543861,0.1684019918515165,0.0604779175568229,0.0422582155908984,0.3529509379509379,1.8954248366013071,0.5004385964912286,0.2111815301041195,0.0452918370598544,0.028373995951943,0.3220146520146519,1.9578947368421051,0.5899122807017548,0.2265731100045269,0.0610119256671675,0.1786074672048435,0.1858333333333333,1.894736842105263,0.5491228070175438,0.1944318696242643,3.969937750856004e-10,4.0336308197341514e-10,8.268158605441979e-12
0.0874494877863909,0.0450548631611625,0.0110998990918264,0.0,1.9047619047619049,0.4702380952380952,0.2244897959183673,0.0583235537494496,0.0413960810904311,0.1927380952380952,2.0233918128654973,0.5330701754385965,0.2202354006337709,0.080388350845213,0.0468532956391887,0.2077777777777777,1.9477124183006536,0.4934210526315791,0.1539157990040742,0.1131245727678135,0.0839562119121293,0.3901068376068376,1.7426470588235294,0.4710526315789475,0.1337709370755998,0.0350425476144382,0.0267460811617764,0.2937445887445887,2.0,0.4887719298245616,0.1917157084653689,0.0173764217516219,0.0134162755497521,0.3337698412698412,2.0157894736842104,0.5824561403508778,0.2424173834314169,0.0575676847142105,0.296572377201263,0.4085989010989011,1.8888888888888888,0.5008771929824559,0.1509732910819375,3.092778513811676e-12,5.249663208918739e-13,2.8883324985523653e-13
0.0455842211237543,0.0378059319875928,0.0025064288271866,0.2708333333333333,2.142857142857143,0.4494047619047618,0.3163265306122449,0.0594893943625053,0.0484237880632407,0.3302417027417027,1.9239766081871343,0.5442982456140355,0.2263467632412856,0.0467331621263699,0.0378326353766308,0.3644444444444444,2.0701754385964914,0.5273684210526319,0.1840199185151652,0.1197935922453182,0.0916185269857338,0.38502886002886,1.75,0.4706140350877195,0.1677229515617926,0.0622123731580831,0.0505898918681257,0.443066378066378,1.6833333333333331,0.4315789473684211,0.1292440018107741,0.0361112491198374,0.0276944414827293,0.4493686868686868,1.8830409356725144,0.5499999999999999,0.1770031688546853,0.0487974109943652,0.2027603268122782,0.3268253968253968,1.9649122807017545,0.5390350877192983,0.2138976912630149,3.7754857836609684e-12,4.640974383288946e-13,1.6608736626044586e-13
0.0565097397313145,0.0286867420928234,0.0018554083525926,0.3125,1.6666666666666667,0.3809523809523809,0.2040816326530612,0.0388340565942377,0.0314617304621059,0.3348809523809523,1.9941520467836256,0.5365789473684218,0.2039384336803983,0.0426392712682392,0.0317715277557561,0.3796753246753246,1.935672514619883,0.5416666666666675,0.1930529300567107,0.0342039304504547,0.0231994801860937,0.2799603174603174,2.026315789473684,0.5798245614035095,0.2424173834314169,0.0366973388681495,0.0301488259813593,0.3176190476190476,1.7205882352941178,0.4736842105263159,0.1964689904934359,0.0307661997022437,0.0260030356634605,0.3972366522366523,1.9005847953216373,0.5478070175438596,0.1980534178361249,0.0304543951591488,0.154975423977084,0.2313888888888888,1.9239766081871343,0.5438596491228074,0.2188773200543232,8.256063658315592e-12,1.7909609957122645e-12,2.4349911430875026e-12
0.0375127297753514,0.0245540287048358,0.0008788776407018,0.525,1.5333333333333334,0.3928571428571428,0.1224489795918366,0.0407381201612475,0.0359497703021586,0.4304334554334554,2.0105263157894737,0.58201754385965,0.2573562698053418,0.0345649041714993,0.0238778257885118,0.3992893217893217,2.0233918128654973,0.5315789473684217,0.2211407876867361,0.0760907591070054,0.0434544394975918,0.2765873015873016,1.9411764705882355,0.4956140350877193,0.1948845631507469,0.0414549279680109,0.0260814293315686,0.2490079365079365,2.126315789473684,0.5683333333333338,0.233816206428248,0.0233336017365114,0.0186284999723363,0.3929792429792429,1.9789473684210528,0.5885964912280703,0.2120869171570846,0.0278623057431998,0.1396113407766674,0.3722943722943722,1.906432748538012,0.5464912280701759,0.2430964237211407,2.2259414862348545e-12,3.046826798935548e-13,3.2748652609519815e-13
0.034070459015936,0.0230004665201503,0.0010090817356205,0.0,2.642857142857143,0.5166666666666665,0.3775510204081632,0.0373267728743753,0.0287743869940467,0.2452380952380952,2.031578947368421,0.5789473684210532,0.2315527387958352,0.0300445949025096,0.0216561374909642,0.2694047619047618,1.7647058823529411,0.4719298245614037,0.2308736985061113,0.0585466139225868,0.0366841235021508,0.2610822510822511,1.869281045751634,0.5030701754385967,0.1536894522408329,0.0392954245253118,0.0267856686296904,0.4055555555555555,1.9150326797385624,0.4978070175438597,0.2870076957899501,0.0300911942627964,0.0227820934440226,0.3605988455988456,1.871345029239766,0.5517543859649124,0.2057492077863286,0.0350019444953649,0.1312782787018651,0.1626587301587301,1.9415204678362568,0.5416666666666676,0.1828881846989588,2.630587856849121e-12,3.312834795689454e-13,4.1203442507224026e-13
0.0314477765325719,0.0240368873907373,0.0002929592135672,0.0,1.9523809523809523,0.4672619047619046,0.2244897959183673,0.0488667960712627,0.0345281218975981,0.2805050505050505,1.7794117647058822,0.4666666666666665,0.1772295156179266,0.0312537797734791,0.0247297824738658,0.3037409812409812,1.9941520467836256,0.5359649122807019,0.1727025803531009,0.0857388825404875,0.0650399780584497,0.2285714285714285,1.9824561403508767,0.5377192982456139,0.1785875961973743,0.0421146858226586,0.033277918614419,0.3509126984126983,1.7333333333333334,0.4263157894736841,0.1496152105024898,0.0317924135556168,0.0280469677534481,0.2994264069264069,1.8088235294117647,0.4671052631578949,0.1641014033499321,0.0516481953883765,0.1892191009407245,0.313611111111111,2.042105263157895,0.5785087719298252,0.2487550928021729,1.679297183819177e-12,2.7105373845580657e-13,5.724558331423068e-13
0.0488881500323185,0.0355370982765385,0.0006184694508642,0.2916666666666666,1.6666666666666667,0.3809523809523809,0.1224489795918366,0.0965257778409762,0.0841199058516346,0.271498778998779,1.75,0.4736842105263159,0.1643277501131733,0.0491015060844716,0.0380377865370333,0.3774567099567099,1.8888888888888888,0.549122807017544,0.1917157084653689,0.0962914104701224,0.0682267097866816,0.4543228993228993,1.9281045751633987,0.4978070175438595,0.1799456767768221,0.0574765418477674,0.0435588989672854,0.3268253968253968,1.7573529411764706,0.4692982456140353,0.1699864191942055,0.0327929292323612,0.0269808165154276,0.3997763347763347,2.0526315789473686,0.5782456140350879,0.2387958352195563,0.0388158965494201,0.1502229745125484,0.4711904761904762,1.9005847953216373,0.5473684210526321,0.2913082842915346,6.0779204737096304e-12,8.137266961612526e-13,7.591429950296651e-13
0.0356201202527819,0.0233129160935853,0.0029621431594023,0.25,1.8,0.3720238095238095,0.1224489795918366,0.0706507977570631,0.0598534227067333,0.3828354978354978,1.786764705882353,0.4657894736842107,0.1591217745586238,0.0301037007087557,0.0239436631763548,0.333015873015873,2.031578947368421,0.5802631578947373,0.2784065187867813,0.1257324408642125,0.0848708332062319,0.4512695637695637,1.7320261437908495,0.5210526315789474,0.1797193300135807,0.0394710287322746,0.027485900980547,0.4177886002886003,1.9526315789473685,0.5912280701754388,0.2679945676776821,0.03431014958052,0.030663370589646,0.2007539682539683,1.926315789473684,0.5947368421052639,0.2700316885468538,0.0505942275042444,0.3009993164285017,0.3545177045177045,1.7908496732026145,0.513157894736842,0.197374377546401,2.208200778078936e-12,3.0344682148689105e-13,8.350427678930911e-13
0.0316756336986798,0.0222467194031573,9.76530711890889e-05,0.2708333333333333,1.9523809523809523,0.4642857142857142,0.3163265306122449,0.0639170188744541,0.0571723649296201,0.3673881673881674,1.8014705882352944,0.4640350877192981,0.1616115889542779,0.0333241962038653,0.0246109785929115,0.3317857142857142,1.947368421052632,0.5407894736842112,0.2365323675871435,0.0830923129900856,0.0582627584256835,0.3388888888888889,1.9532163742690056,0.540350877192983,0.1998641919420552,0.031946259973034,0.0267085136534179,0.4338095238095237,1.912280701754386,0.5447368421052632,0.2261342155009452,0.0325304651883933,0.0263860504532458,0.3618398268398268,1.865497076023392,0.5526315789473689,0.240153915799004,0.0323450956743115,0.2006119592461183,0.2772294372294372,1.912280701754386,0.5460526315789478,0.2263467632412856,4.429914249917423e-12,3.9133514838791657e-13,6.27060481566198e-13
0.0256350937236976,0.0205835758173095,0.0013996940203769,0.2708333333333333,2.142857142857143,0.4494047619047618,0.3163265306122449,0.0526509382404287,0.0399537313991105,0.2026587301587301,1.9947368421052631,0.5837719298245616,0.2184246265278406,0.0269786311095273,0.0204770673355666,0.3523412698412698,1.862745098039216,0.5039473684210528,0.2541874151199638,0.0846345462301631,0.067053258105023,0.3253968253968254,1.9005847953216373,0.5473684210526316,0.213218650973291,0.0348033832506137,0.0271296460325743,0.3922005772005772,1.906432748538012,0.5464912280701751,0.2229515617926663,0.043074427059152,0.0363046292652455,0.4085256410256409,1.843137254901961,0.5070175438596495,0.1813037573562698,0.0473233635829425,0.1617460369128609,0.3067460317460317,1.9673202614379084,0.4907894736842109,0.2034857401539158,1.641839395495832e-12,1.6834730627357757e-13,5.013742621639719e-13
0.0343762061316828,0.0202121955264064,0.0012043878779987,0.2083333333333333,1.6,0.3869047619047619,0.1224489795918366,0.0578931949515075,0.0429232813498852,0.2947474747474747,1.7647058823529411,0.4684210526315792,0.1799456767768221,0.0401021759502757,0.0262560246237321,0.2285714285714285,1.912280701754386,0.5460526315789477,0.2363060208239022,0.0721316980155868,0.0660904851720392,0.5025396825396824,1.8421052631578947,0.5561403508771929,0.1980534178361249,0.0323810731215917,0.0250334687480772,0.3954545454545454,2.0210526315789474,0.5807017543859658,0.2387958352195563,0.0366012276875581,0.0304064923482293,0.4915384615384616,1.871345029239766,0.5521929824561407,0.2569035762788592,0.0888567566502598,0.3091370723609257,0.6316830065359477,1.7578947368421052,0.6228070175438597,0.1251697600724309,8.126528544860257e-10,1.0536530557046235e-09,1.2559556698910631e-11
0.0289762238022385,0.0195777970218414,0.0013996940203769,0.5,1.3,0.3035714285714285,1.1102230246251563e-16,0.0465421390134298,0.0339711275736587,0.3470634920634921,1.9789473684210528,0.5864035087719307,0.2066545948392938,0.0360446051817803,0.0281442029613915,0.408008658008658,2.068421052631579,0.5747368421052635,0.2295156179266636,0.0507030164519726,0.0330036412418884,0.2773809523809524,1.9649122807017545,0.5394736842105269,0.2505658669081032,0.041792259366557,0.0303288655922634,0.3687878787878788,1.8366013071895424,0.5070175438596493,0.186283386147578,0.0252028871044836,0.0201721040151296,0.3922222222222222,2.0210526315789474,0.5789473684210529,0.2999094612947034,0.0422553405094063,0.1416946062953679,0.2633333333333333,2.0233918128654973,0.5315789473684215,0.2424173834314169,8.290206281042642e-12,1.6409641587935665e-12,3.559845055997562e-13
0.067201588489958,0.0410904543601916,0.0036131636339962,0.2083333333333333,1.6666666666666667,0.3809523809523809,0.1224489795918366,0.0454891990563629,0.0302391721713083,0.2434199134199134,1.9239766081871343,0.5447368421052637,0.1982797645993662,0.0494136532699216,0.0343639516548394,0.3160137085137085,2.110526315789474,0.5722807017543866,0.2202354006337709,0.0750383331134711,0.0623263465523568,0.5665476190476191,1.6985294117647058,0.4763157894736841,0.1636487098234495,0.0405664563413677,0.0365323778339722,0.3085497835497836,1.8562091503267972,0.5043859649122809,0.1369397917609778,0.030040140551894,0.0362777415547857,0.4272222222222222,1.8888888888888888,0.5495614035087721,0.1419194205522861,0.0291763391748144,0.1518505256990332,0.2992185592185592,1.7712418300653594,0.5157894736842105,0.1783612494341331,2.7277208548330407e-12,7.158937926597531e-13,4.264114709430906e-13
0.0454365789804089,0.0230181785959146,0.0078447967188568,0.4583333333333333,1.6666666666666667,0.3809523809523809,0.2040816326530612,0.0480346891120252,0.0302552037490944,0.3543223443223443,2.026315789473684,0.5785087719298249,0.206758034026465,0.0312273963121403,0.0209931458809561,0.2291666666666666,1.976608187134503,0.5368421052631587,0.2238569488456315,0.0628185074841656,0.0437557759250947,0.3672619047619047,2.590643274853801,0.4839097744360905,0.2012222725215029,0.0367053909634931,0.028686226881375,0.3056746031746031,1.8562091503267972,0.504385964912281,0.1627433227704844,0.0239885625981884,0.0199993763303421,0.2907323232323232,1.9883040935672516,0.535964912280702,0.2062019013128112,0.03035879794209,0.113179909508154,0.3171428571428571,1.894736842105263,0.5482456140350883,0.2206880941602534,3.4664043100043746e-12,8.434870590206981e-13,4.233896723014075e-13
0.0402284151836575,0.0196320778887529,0.0066078578171283,0.0,2.095238095238096,0.4523809523809523,0.2244897959183673,0.0595661462500364,0.0360493388639402,0.2528571428571429,1.8496732026143792,0.5057017543859651,0.2329108193752829,0.0435188341936511,0.0276126811380726,0.279126984126984,1.8529411764705883,0.468421052631579,0.248076052512449,0.0712480233819143,0.0572148394786963,0.2368253968253967,1.8166666666666669,0.4192982456140349,0.1412403802625622,0.0443881178484116,0.036554801889025,0.3318650793650793,2.1210526315789475,0.5677192982456145,0.2292892711634224,0.0339394105523566,0.0358628155638574,0.3701190476190475,1.8596491228070176,0.5535087719298248,0.1613852421910366,0.052192311448195,0.1624621594349142,0.2715800865800866,2.031578947368421,0.5793859649122817,0.2356269805341783,5.651618756036068e-10,5.032160613407522e-10,6.956477193676157e-12
0.0476128474240514,0.0307721682554849,0.0009439796881611,0.2708333333333333,1.6666666666666667,0.3809523809523809,0.2040816326530612,0.0372662964987091,0.0312555527177262,0.2651190476190476,1.9947368421052631,0.5850877192982461,0.2768220914440923,0.0525159371525392,0.0441704985737246,0.4101312576312577,1.7843137254901962,0.5140350877192982,0.1758714350384789,0.0529887836025074,0.073329005336966,0.4534126984126984,1.8578947368421053,0.6061403508771933,0.2166138524219103,0.0448547967359889,0.0562279936540665,0.5169047619047619,1.8894736842105264,0.6008771929824565,0.2279311905839746,0.0394559524686525,0.0395866682119727,0.5047763347763348,1.91812865497076,0.5451754385964913,0.2935717519239474,0.034469478275618,0.1495719540379544,0.2666233766233766,1.912280701754386,0.5464912280701764,0.2166138524219103,4.852156940655686e-12,6.95371164037096e-13,3.991706422818776e-13
0.1011569563862783,0.0691851562618454,0.0010090817356205,0.0,1.6666666666666667,0.3809523809523809,0.1224489795918366,0.0351679547163863,0.0261187416998991,0.4130952380952381,1.9052631578947368,0.5982456140350882,0.2863286555002263,0.1015031720116018,0.0692844651127516,0.2282009657009656,1.8830409356725144,0.5500000000000003,0.2138976912630149,0.0669848672003892,0.0364852959602125,0.2436904761904761,1.9803921568627447,0.4907894736842106,0.2062019013128112,0.0503673982652017,0.036578280381054,0.2784126984126984,2.036842105263158,0.5776315789473686,0.2261204164780443,0.0438030560271646,0.0347786488227476,0.4220093795093794,1.91812865497076,0.5447368421052634,0.224309642372114,0.0271670844048045,0.1368119527359135,0.1688492063492063,1.8888888888888888,0.5008771929824561,0.2249886826618379,3.51922696893932e-12,6.220974944432175e-12,8.005076398031055e-13
0.2499709365859556,0.1205600620072425,0.0067380619120471,0.5,1.3,0.3035714285714285,1.1102230246251563e-16,0.0663155153598001,0.0470231372380463,0.3771245421245421,1.91812865497076,0.5460526315789472,0.1998641919420552,0.2130024207682384,0.1311358952142217,0.3127972027972028,1.6911764705882353,0.4771929824561404,0.1127206880941602,0.2220108309248431,0.1368712023878406,0.3373412698412698,1.7941176470588236,0.4649122807017546,0.1387505658669081,0.0463673914123546,0.0326519448128628,0.1685714285714285,2.0233918128654973,0.5324561403508773,0.2315527387958352,0.0436517794274103,0.0412169676648574,0.3788347763347763,2.152631578947368,0.5650000000000008,0.2410593028519692,0.059373067282966,0.2699456397903714,0.5256060606060606,1.7205882352941178,0.4736842105263157,0.1600271616115889,5.1877067451194095e-12,9.454117751015914e-12,8.354642242285826e-13
0.2029870214418243,0.092062833469532,0.0155919403665245,0.2083333333333333,2.2857142857142856,0.4386904761904762,0.3163265306122449,0.0429733475644124,0.0322407698003406,0.2980952380952381,1.9824561403508767,0.5377192982456145,0.2374377546401086,0.1897049678001847,0.1001173200390003,0.1545238095238095,2.0233918128654973,0.5333333333333337,0.2200090538705296,0.1390737349215948,0.0756373808675312,0.2286904761904761,1.869281045751634,0.5026315789473685,0.1727025803531009,0.0573120735173436,0.040314610375053,0.2852922077922078,1.908496732026144,0.498245614035088,0.1937528293345405,0.0532051622497211,0.0420896393560937,0.4286796536796536,1.8187134502923976,0.5596491228070181,0.1695337256677229,0.0480518212297776,0.2075127762768139,0.3359415584415584,1.8823529411764703,0.5021929824561404,0.2263467632412856,8.629356133254777e-12,6.788223276883779e-12,7.317833538740787e-13
0.0648079257092635,0.0382087148434025,0.0042641841085902,0.4375,1.3,0.3035714285714285,0.0306122448979591,0.0562075658858418,0.0432969641459389,0.1869552669552669,1.9789473684210528,0.5864035087719305,0.2039384336803983,0.064013301376223,0.0418112855154878,0.4290079365079365,1.8602941176470589,0.4583333333333336,0.2469443186962426,0.1575092641926746,0.0829700404179476,0.2319624819624819,1.5904761904761904,0.3964912280701755,0.0998189225894069,0.0405530932895207,0.0296682400902214,0.3174531024531024,1.894736842105263,0.5482456140350879,0.1957899502037121,0.0519567448290985,0.0404419115744227,0.3784920634920635,1.838235294117647,0.4605263157894739,0.1966953372566772,0.05118768406319,0.1770450180658181,0.2228174603174602,1.8823529411764703,0.5013157894736843,0.1772295156179266,6.044695243318934e-12,1.792939662463775e-12,5.042774383331112e-13
0.0554506689235376,0.0488829948661232,0.0014647960678363,0.0,1.6,0.3869047619047618,0.0714285714285714,0.0333007252025444,0.0250614446029165,0.4046608946608946,2.0105263157894737,0.5833333333333334,0.2267994567677682,0.055772067452574,0.0385623477314679,0.3003174603174602,1.8366013071895424,0.5070175438596494,0.2256677229515618,0.1789388023621763,0.0988547701261841,0.328116883116883,1.7908496732026145,0.513157894736842,0.1238116794929832,0.0389377059066402,0.0298618946451978,0.1711111111111111,1.91812865497076,0.5456140350877194,0.1697600724309642,0.0273649603648455,0.0248857470521559,0.2144805194805194,1.8830409356725144,0.5508771929824562,0.2157084653689452,0.0412106239688606,0.138048891637642,0.3221392496392495,1.843137254901961,0.5065789473684211,0.1831145314622001,4.230932081904055e-12,1.2038046479183029e-12,8.060449797749189e-13
0.0411607695062009,0.025636251726514,0.0054360209628592,0.1875,1.6,0.3869047619047619,0.1224489795918366,0.0334278455162678,0.0242690247700885,0.3079365079365079,2.057894736842105,0.5782456140350881,0.2804436396559529,0.0371605913321763,0.0265949554528438,0.2828174603174603,1.9298245614035088,0.5438596491228075,0.2417383431416931,0.2027288037156136,0.1019846303687946,0.075595238095238,1.8888888888888888,0.5,0.148257129923042,0.0494940029021807,0.0372330489896595,0.2869444444444444,1.8088235294117647,0.4635964912280703,0.1536894522408329,0.0285844245064665,0.0231791780374107,0.3099639249639249,1.8888888888888888,0.501315789473684,0.1736079674060661,0.0860690184495776,0.3558152403893102,0.2189285714285714,1.8083333333333331,0.4210526315789473,0.1333182435491172,6.763227290688269e-12,8.157504327873944e-13,7.434270313541825e-13
0.0479430078075955,0.0474617867522838,0.0036131636339962,0.2916666666666666,1.6666666666666667,0.3809523809523809,0.1224489795918366,0.0368583807750227,0.0301444670903777,0.3414862914862914,1.947368421052632,0.5421052631578954,0.2650520597555454,0.0531962535484898,0.0418943481928389,0.3514285714285714,1.619047619047619,0.3938596491228069,0.1002716161158895,0.1415064956424458,0.0710374314423916,0.2636904761904762,1.908496732026144,0.498245614035088,0.2453598913535536,0.0493894969838906,0.030886279927947,0.357979797979798,1.843137254901961,0.5061403508771931,0.232231779085559,0.0241689637981219,0.0172899601041515,0.3147619047619048,1.8830409356725144,0.5500000000000003,0.2532820280669987,0.0483430672315697,0.1823182839100289,0.4768650793650794,1.947368421052632,0.5421052631578953,0.2876867360796741,5.441567739290181e-12,1.3723421492633553e-12,6.108370565823395e-13
0.0370907290034271,0.0284768753078142,0.0003580612610266,0.2708333333333333,2.142857142857143,0.4494047619047618,0.3163265306122449,0.0507924461066405,0.042111885795019,0.4319841269841269,1.830065359477124,0.5078947368421051,0.1889995473064734,0.0602776431002965,0.0788545314395825,0.5251005856888209,1.8,0.6157894736842106,0.2193300135808057,0.1612690787546321,0.1090464000660424,0.2660606060606061,1.843137254901961,0.5061403508771928,0.1708918062471706,0.0655879143188526,0.0898629231141621,0.6363888888888888,1.7953216374269003,0.5631578947368421,0.2138976912630149,0.0541914582687309,0.0796362378525337,0.3610119047619047,1.8128654970760236,0.5605263157894739,0.1464463558171118,0.038822064111811,0.1291299111357052,0.2307936507936508,1.906432748538012,0.5464912280701757,0.2030330466274332,3.772901126453884e-12,6.567318162126281e-13,7.533299918091085e-13
0.0501413644459118,0.0417366484285155,0.0035480615865368,0.4791666666666666,1.3,0.3035714285714285,0.0306122448979591,0.0357530165376332,0.0301035106207693,0.2754365079365078,1.9947368421052631,0.5842105263157901,0.2322317790855591,0.0547734363087824,0.0428327353697689,0.4230952380952381,1.7279411764705883,0.4728070175438595,0.1412403802625622,0.1603475421407266,0.0880999686958422,0.3146572871572871,1.8235294117647056,0.4618421052631579,0.1532367587143503,0.0316111557497957,0.0244211652220829,0.2943650793650794,2.0526315789473686,0.5276315789473687,0.2354006337709371,0.0217481955596977,0.0196828237630132,0.5021600621600621,2.073684210526316,0.5766666666666667,0.1989588048890901,0.0383954743797745,0.1442986881937437,0.3154761904761904,1.8455882352941175,0.4600877192982456,0.1944318696242643,1.2379353022618651e-09,8.394698199500677e-10,8.92772371261395e-12
0.0899338284189037,0.0506588071857613,0.0090817356205852,0.2083333333333333,1.6,0.3511904761904762,0.4081632653061224,0.0322510403478505,0.0228972466512092,0.4050396825396826,2.1052631578947367,0.569298245614036,0.2711634223630602,0.0793845800660957,0.0496753869044293,0.3772023809523809,1.7777777777777777,0.5657894736842107,0.2125396106835672,0.187361465412824,0.1003743320979091,0.1323015873015873,1.869281045751634,0.5026315789473685,0.1600271616115889,0.0300017646081285,0.025205329869061,0.3241958041958042,1.8235294117647056,0.5096491228070176,0.1740606609325486,0.0183688853330226,0.0140658989629327,0.2493253968253968,2.0233918128654973,0.5326315789473687,0.1996378451788139,0.0506839998012674,0.236222779206406,0.3601984126984127,1.871345029239766,0.5521929824561408,0.2317790855590765,2.2451035020884795e-11,3.4824155380721257e-12,9.546474599622128e-13
0.0325254479253372,0.0300104316130544,0.0017903063051332,0.375,1.4,0.3214285714285714,0.2448979591836735,0.0305659252457174,0.0245213754820543,0.2438888888888888,1.9298245614035088,0.5429824561403517,0.2324581258488003,0.0378049302808468,0.0271479535159554,0.337012987012987,2.0157894736842104,0.5820175438596497,0.2107288365776369,0.1902764952484071,0.0929692897591083,0.2460786435786435,1.675,0.4324561403508772,0.1378451788139429,0.0473038329687047,0.031979691378716,0.2349567099567099,1.7573529411764706,0.4697368421052632,0.1432775011317338,0.0236073729781959,0.0178458942338276,0.2678571428571429,2.0058479532163744,0.5333333333333339,0.2295156179266636,0.0515056561686759,0.1464470557599036,0.2161507936507936,1.9150326797385624,0.4982456140350878,0.1670439112720688,5.156854597043733e-12,1.622541804363641e-12,7.738207826104062e-13
0.0638511581189228,0.0462162799106352,0.0027017349695647,0.1791666666666666,1.809523809523809,0.4821428571428571,0.2040816326530612,0.0625981884498688,0.0640347350468801,0.5865945165945166,2.210526315789474,0.5150877192982456,0.2550928021729289,0.0524592298427785,0.0405213073359297,0.4300396825396825,1.7973856209150327,0.5122807017543863,0.1720235400633771,0.0795687503319347,0.0652351608979221,0.562107892107892,1.9415204678362568,0.5434210526315789,0.1613852421910366,0.0234874481539286,0.0169688387721037,0.4109523809523809,1.95906432748538,0.539912280701755,0.2999094612947034,0.0365131686023104,0.0268336590898162,0.4665012765012765,1.7843137254901962,0.5140350877192986,0.1532367587143503,0.0233322311670912,0.0784805182122977,0.3004761904761904,2.0,0.5359649122807022,0.2424173834314169,4.021968444506376e-12,8.014268868833799e-13,2.4952955724617577e-13
0.0309490483475705,0.0225090898289934,0.0012043878779987,0.1875,2.0476190476190474,0.4583333333333333,0.2142857142857142,0.0667083548198643,0.041242665831015,0.3984307359307358,2.1052631578947367,0.5692982456140353,0.2668628338614758,0.0359726502872199,0.0283849227064343,0.2119444444444444,1.75,0.4701754385964916,0.1294703485740153,0.0568728060181703,0.0450551363983039,0.3997832722832722,1.675,0.4359649122807016,0.1763241285649615,0.0278955420516396,0.0201687544224447,0.3472258297258297,1.906432748538012,0.5464912280701758,0.1844726120416478,0.022072849191107,0.0154418872617664,0.3463961038961039,1.75,0.4701754385964914,0.1645540968764146,0.043174992590359,0.1444939943361218,0.3689285714285714,1.838235294117647,0.4600877192982455,0.2071072883657763,1.2509742506385979e-09,1.9476185527476197e-09,2.3669666384214695e-11
0.0496589117727752,0.0272502071554173,0.0034178574916181,0.0,1.8571428571428568,0.4761904761904761,0.2244897959183673,0.0413598447144846,0.0346421537488011,0.3993650793650793,1.8758169934640525,0.5021929824561409,0.2311000452693526,0.0399320540209936,0.0287859517274504,0.4301190476190476,2.2549019607843137,0.4735087719298244,0.1708918062471706,0.0638635666670664,0.057549561903569,0.3920483193277311,1.831578947368421,0.6105263157894736,0.2025803531009506,0.0221614222398873,0.0173786912196776,0.2697222222222222,2.173684210526316,0.5605263157894742,0.2532820280669986,0.0167896467185998,0.013344420583573,0.3304220779220778,1.894736842105263,0.5482456140350881,0.2172928927116342,0.0324626220020935,0.1282184824712737,0.2704761904761904,1.8596491228070176,0.5539473684210531,0.2243096423721141,5.623845153550592e-12,1.6316675227880125e-12,3.4859446864410345e-13
0.0605879179900207,0.0592247900482765,0.0010090817356205,0.375,1.7333333333333334,0.375,0.1938775510204082,0.0494885206244999,0.0330797533614868,0.2288888888888888,2.0842105263157893,0.5723684210526324,0.2378904481665912,0.0502077269277487,0.0388048352464552,0.4995085470085471,1.931578947368421,0.5938596491228079,0.2138976912630149,0.0495388890506922,0.0411760319389664,0.4105519480519481,2.068421052631579,0.5710526315789477,0.2551984877126654,0.0385729631196901,0.0243989372575519,0.4134523809523809,2.221052631578947,0.5564035087719302,0.3139429606156632,0.0234420480418845,0.0182037245622393,0.3841361416361416,1.830065359477124,0.5083333333333333,0.1792666364870982,0.0462426695951166,0.1952084893069887,0.3271428571428571,1.91812865497076,0.5460526315789477,0.221140787686736,5.480872014154517e-12,1.5969917917763409e-12,2.660493295714224e-13
0.0769203941463959,0.0486859522124589,0.0122066338986361,0.0,1.9047619047619049,0.4702380952380952,0.2244897959183673,0.0747059700290732,0.0535694286101081,0.329004329004329,1.8830409356725144,0.5504385964912282,0.1826618379357175,0.0601950662927296,0.0421789113387567,0.4641636141636141,1.9005847953216373,0.5482456140350881,0.2152557718424626,0.0491789432567128,0.0346985762465478,0.4357215007215007,1.8888888888888888,0.549561403508772,0.1912630149388863,0.0416339585985242,0.0293256366727219,0.297012987012987,2.142105263157895,0.5657894736842108,0.2358533272974196,0.0329711032569869,0.0316647513254678,0.4361002886002885,1.912280701754386,0.5460526315789473,0.2211407876867361,0.035231514873248,0.2791250284821457,0.3337337662337662,1.8888888888888888,0.549122807017544,0.2177455862381168,4.1845787490297615e-11,1.023888665775462e-11,5.118153267867023e-13
0.0511795095955767,0.0332323393718266,0.0015298981152957,0.2708333333333333,2.142857142857143,0.4494047619047618,0.3163265306122449,0.0360922324691322,0.0275945790319028,0.159047619047619,1.9631578947368424,0.5890350877192991,0.2102761430511543,0.0516557335201876,0.0354864345440841,0.3104761904761904,1.9411764705882355,0.4951754385964914,0.2016749660479855,0.0503636291992962,0.0423110775988211,0.2212265512265512,2.1894736842105265,0.5610526315789481,0.1677229515617926,0.0347583257809247,0.0227322593549712,0.2384126984126984,2.1052631578947367,0.521491228070176,0.184698958804889,0.0209794774361443,0.0146457663616056,0.2769444444444445,2.0789473684210527,0.5728070175438599,0.2440018107741059,0.0569128951737111,0.3157774812017838,0.3185714285714286,1.8526315789473684,0.6070175438596493,0.2136713444997736,2.2380213214512903e-10,1.1209818797251908e-10,1.8374299273985125e-12
0.0362839286295553,0.0215343940761194,0.0036131636339962,0.0,2.095238095238096,0.4523809523809523,0.2244897959183673,0.0701813777306454,0.0716572235085223,0.3998124098124098,2.1578947368421053,0.5643859649122809,0.1912630149388863,0.03968175378063,0.0275442852918871,0.3539898989898989,2.0210526315789474,0.5815789473684218,0.2403802625622453,0.0518546374072938,0.0409476684628891,0.3495923520923521,1.9415204678362568,0.5412280701754388,0.1740606609325486,0.0273034560621142,0.0184549262084478,0.2943073593073593,1.906432748538012,0.5469298245614035,0.2365323675871435,0.018908375721048,0.0153264239636169,0.5107359307359307,1.931578947368421,0.5938596491228079,0.2555454956994115,0.03982018129207,0.2765860486312294,0.2915079365079364,1.8830409356725144,0.5508771929824561,0.2492077863286555,3.0504034253287938e-12,4.186046157168957e-13,3.322556648113279e-13
0.0398715164591926,0.0276310732062645,0.0017252042576739,0.0,1.9047619047619049,0.4702380952380952,0.2244897959183673,0.0627504929766883,0.053712949722751,0.4464862914862914,1.75,0.4701754385964913,0.1722498868266184,0.0473363839924344,0.033076233018359,0.3848015873015872,1.9894736842105265,0.5850877192982459,0.2093707559981892,0.125347310857137,0.0942882827838353,0.3558943833943834,1.625,0.437719298245614,0.0780896333182435,0.0429822562656437,0.028385062758099,0.3529761904761904,1.7573529411764706,0.4697368421052632,0.1724762335898596,0.0292859847284302,0.0232081809633656,0.2657900432900432,1.9894736842105265,0.5872807017543868,0.2224988682661837,0.0404941588044523,0.180169916343869,0.2318253968253968,1.8830409356725144,0.5500000000000004,0.2179719330013581,6.488182499558872e-12,1.1393973580753362e-12,2.1812519331550632e-13
0.0572293498630531,0.0404103132223457,0.0009765307118908,0.1875,1.6,0.3869047619047619,0.1224489795918366,0.0916494631650902,0.0951643120271302,0.3624891774891774,1.7333333333333334,0.4263157894736842,0.1287913082842915,0.0634008281665721,0.0461102271265836,0.3432070707070707,1.830065359477124,0.5078947368421055,0.1808510638297872,0.1683465279193557,0.1026273115577008,0.3252056277056276,1.7279411764705883,0.4728070175438596,0.1052512449071978,0.0583185854353014,0.0441961072661576,0.234563492063492,2.065359477124183,0.4838596491228073,0.1760977818017202,0.0311578399140653,0.0243980065794119,0.2433730158730159,2.0105263157894737,0.580701754385966,0.2197827071072883,0.0135251216808663,0.0922170502262296,0.3878571428571428,1.9298245614035088,0.5438596491228074,0.2143503847894975,2.6474600357651e-12,2.387352047818459e-13,1.953661859399235e-13
0.0626990843862039,0.0334190995288041,0.0105139806646919,0.4583333333333333,1.6666666666666667,0.3809523809523809,0.2040816326530612,0.0499442349567157,0.0355173292662923,0.3538131313131313,2.0157894736842104,0.5833333333333339,0.191036668175645,0.0640811445625228,0.0496078274976243,0.3306471306471306,1.7712418300653594,0.5157894736842106,0.1527840651878678,0.0383046741556864,0.0341440859698194,0.3670887445887446,1.9532163742690056,0.5407894736842107,0.1876414667270257,0.050175175904019,0.0374611982333151,0.3674958374958375,2.0,0.5842105263157897,0.1736079674060661,0.0524958925747688,0.0437132852878877,0.3708802308802309,1.906432748538012,0.5464912280701756,0.1831145314622001,0.0355573677529,0.1299111357052179,0.3133730158730158,1.865497076023392,0.552631578947369,0.221140787686736,1.2282808613678151e-11,9.741306067669424e-12,7.281188184067569e-13
0.1075962464019493,0.0632896302602121,0.0034829595390775,0.1875,1.6,0.3869047619047619,0.1224489795918366,0.0391103976535851,0.0320329138559904,0.2930699855699855,2.0058479532163744,0.535263157894737,0.1885468537799909,0.1091247372361439,0.0805547954200596,0.4735456210456211,1.6911764705882353,0.4771929824561404,0.1631960162969669,0.0695856939963919,0.0486267994605822,0.3141208791208791,1.9415204678362568,0.542982456140351,0.1810774105930285,0.0650694964356629,0.0462076202105935,0.3291849816849816,1.91812865497076,0.5460526315789476,0.2333635129017655,0.0457427543990995,0.0454503361462542,0.3037265512265512,1.9649122807017545,0.5394736842105264,0.2598460842009959,0.0505246711061694,0.2109631847921617,0.428116883116883,1.7777777777777777,0.5149122807017545,0.1607062019013128,1.7374347215791815e-09,5.518595837830436e-10,2.696810625986036e-11
0.1051363190372337,0.0591562364484733,0.0051105107255623,0.1666666666666666,1.8571428571428568,0.4761904761904762,0.2040816326530612,0.0873648918363745,0.0713802616200636,0.4662454212454213,1.7279411764705883,0.4728070175438595,0.111815301041195,0.1141967006967632,0.077398814387766,0.4254118104118104,1.8235294117647056,0.5087719298245613,0.1817564508827523,0.0907448873477597,0.0539576203374296,0.2966269841269841,2.0233918128654973,0.5328947368421058,0.1858306926210955,0.0861459416582862,0.0658796017885465,0.3277985902985902,1.8596491228070176,0.5535087719298246,0.1559529198732458,0.0473322722841738,0.0455165971726614,0.3337301587301587,2.017543859649123,0.5333333333333334,0.2220461747397012,0.0428398883671207,0.1495068519904951,0.2765476190476191,1.7333333333333334,0.4263157894736843,0.1043458578542326,1.3696671949513527e-11,1.724840858830014e-11,1.0774041293085788e-12
0.1226173813166424,0.0533969528162297,0.0153966342241463,0.0,2.095238095238096,0.4523809523809523,0.2244897959183673,0.0656379401026899,0.0479260582020552,0.2689105339105339,1.75,0.4701754385964911,0.1674966047985514,0.1234429046477722,0.0829528514834503,0.4673232323232323,1.7647058823529411,0.5166666666666667,0.1509732910819375,0.0948961708003611,0.0604872967099982,0.4219247419247419,1.935672514619883,0.5434210526315791,0.2098234495246718,0.1098324650204985,0.0758883675887238,0.3697868797868797,1.7516339869281046,0.5184210526315789,0.1412403802625622,0.0294955105285429,0.0213830321762527,0.3408405483405484,1.936842105263158,0.5929824561403513,0.2505658669081032,0.0294131050421535,0.1272419517593828,0.4007503607503607,1.7712418300653594,0.5157894736842106,0.206880941602535,1.0667114581990212e-11,1.310021605665304e-11,7.736089716684982e-13
0.0471548080187121,0.0416061745078208,0.0065427557696689,0.0,2.0,0.4613095238095237,0.2142857142857142,0.0443608777811851,0.0367027906247795,0.4654040404040404,1.7647058823529411,0.468421052631579,0.1792666364870982,0.0419495322075247,0.0316815505696673,0.2229725829725829,1.9707602339181287,0.5377192982456143,0.2007695789950203,0.0833023527537309,0.0561287387113607,0.2877991452991453,1.8823529411764703,0.5026315789473682,0.1487098234495246,0.0265852776859305,0.0196543177989837,0.3096825396825396,2.0842105263157893,0.5729824561403514,0.2537347215934812,0.0184689369006971,0.0157081684711446,0.286125541125541,2.0157894736842104,0.5824561403508777,0.2351742870076957,0.0373997556960008,0.1467725659972006,0.3884199134199134,1.8104575163398693,0.5105263157894736,0.1468990493435943,5.829290708789558e-12,8.364250758426472e-13,4.123125047893701e-13
0.0380009951312968,0.033452147916115,0.000748673545783,0.2083333333333333,1.4,0.3214285714285714,0.2857142857142857,0.0483848695988857,0.0331625870421487,0.2291269841269841,2.026315789473684,0.5780701754385974,0.2444545043005885,0.0428585623754709,0.0305526194305665,0.2639285714285714,1.875,0.4657894736842105,0.19895880488909,0.0536380908653261,0.0386818841480545,0.3297924297924298,1.9649122807017545,0.5390350877192983,0.2030330466274332,0.0289709250829622,0.0236550703360959,0.3658838383838384,1.9281045751633987,0.4969298245614038,0.1831145314622,0.0145076486339705,0.0121070746553852,0.2326190476190476,2.1,0.570350877192983,0.2931190583974649,0.0335659303853527,0.1235962371016568,0.4026839826839826,2.0292397660818717,0.5328070175438598,0.2286102308736985,9.837426116406038e-12,5.993364386131733e-13,3.384036184513869e-13
0.0379696066441289,0.0387283930594739,9.76530711890889e-05,0.0,1.6,0.3511904761904762,0.4081632653061224,0.0411523747685022,0.035392361110239,0.2430952380952381,2.036842105263158,0.5798245614035089,0.2548664554096876,0.042935999547712,0.0335252111469029,0.2936435786435786,1.976608187134503,0.5385964912280706,0.2095971027614305,0.0717112758459411,0.0489219591407042,0.4227128427128427,1.9019607843137252,0.5000000000000004,0.1928474422815753,0.039192974461152,0.0300520284100826,0.2595454545454545,2.0526315789473686,0.5769298245614044,0.2428700769578995,0.0205751594571859,0.0217627385062539,0.3942582417582417,1.926315789473684,0.596052631578948,0.2537347215934812,0.0654189916378133,0.189284202988184,0.4539553093964859,1.8421052631578947,0.6087719298245617,0.1908103214124037,5.99144462755738e-12,6.051617272010138e-13,3.096623656113505e-13
0.0339274670188377,0.0334012216830654,0.0028319390644835,0.1875,2.0,0.4613095238095236,0.2142857142857142,0.040069967568901,0.0303209954106336,0.1954761904761905,2.0,0.5828947368421059,0.2351742870076958,0.0455066738164704,0.0349463539286041,0.2791666666666666,2.0526315789473686,0.5754385964912284,0.2849705749207786,0.1126214024694234,0.0692006075765865,0.3555952380952381,2.0292397660818717,0.5315789473684215,0.2238569488456315,0.0436091204542067,0.0345266986563124,0.2409065934065934,1.9421052631578948,0.5921052631578951,0.2191036668175645,0.0224785377394855,0.0238510950975863,0.2401984126984127,1.9789473684210528,0.5872807017543861,0.2105024898143956,0.0404657194889832,0.1665635884248559,0.2497619047619047,1.9239766081871343,0.5456140350877194,0.2016749660479855,5.075279527254225e-12,9.335427914867192e-13,3.85366640745164e-13
0.0486986565727492,0.0335321387305812,0.0014647960678363,0.0,1.9333333333333331,0.3839285714285713,0.3775510204081632,0.0574393651522445,0.0421815421953931,0.2963492063492063,1.8562091503267972,0.5043859649122812,0.2152557718424626,0.0446288241028338,0.0315494470252715,0.3695238095238095,2.094736842105263,0.5716666666666674,0.2451335445903123,0.0860034024385856,0.0535439518869602,0.2610642135642135,2.0473684210526315,0.5785087719298252,0.2254413761883204,0.0374854162847632,0.0327246514171259,0.219069264069264,2.0894736842105264,0.5719298245614042,0.2082390221819827,0.0405008403303757,0.0429123687228186,0.3412301587301587,2.0526315789473686,0.528508771929825,0.2197827071072883,0.0459620455063311,0.1484652192311448,0.343553391053391,1.8235294117647056,0.5092105263157896,0.1618379357175192,9.907691324405319e-12,6.621841633215269e-13,4.77929701950998e-13
0.0358944788813608,0.0267873070088752,0.004068877966212,0.0,1.9333333333333331,0.3839285714285713,0.3775510204081632,0.0394658890969489,0.0310177278229063,0.2666233766233766,2.0473684210526315,0.5771929824561411,0.2243096423721141,0.0364629714972956,0.0260739228830611,0.3110714285714285,1.935672514619883,0.5421052631578956,0.2562245359891353,0.0864176570458404,0.0626012445357684,0.3303030303030304,1.675,0.4324561403508773,0.1133997283838841,0.0322376772960035,0.0251787188495845,0.2634920634920634,1.9415204678362568,0.5412280701754391,0.2514712539610683,0.0197158124307219,0.0172394411289606,0.358531746031746,2.0105263157894737,0.5802631578947377,0.2618147448015123,0.0653580012986145,0.250480127600013,0.3733150183150183,1.9019607843137252,0.4991228070175441,0.1337709370755998,3.779402581569775e-10,1.177455196038215e-09,1.4709855095316743e-11
0.1002466902584086,0.0556104671357466,0.0056313271052374,0.3583333333333333,1.5333333333333334,0.3928571428571428,0.0714285714285714,0.0361830326932203,0.0274168670289417,0.2953968253968254,1.9157894736842105,0.5964912280701761,0.2745586238116794,0.1029023520684462,0.092811078828674,0.3252075702075702,1.830065359477124,0.5083333333333332,0.1713444997736532,0.1537451666012791,0.1435784720236129,0.4493253968253968,1.7777777777777777,0.5657894736842104,0.1301493888637392,0.0657607773869751,0.1065049553548144,0.4163492063492063,1.9415204678362568,0.544736842105263,0.1865097329108193,0.0476795403110164,0.036684142592918,0.3591452991452991,1.9210526315789476,0.5956140350877193,0.1953372566772295,0.0678839607400389,0.4328960645812311,0.3576770451770452,1.830065359477124,0.5078947368421051,0.2197827071072883,1.6539000472777958e-11,3.2664828702430786e-12,5.110350969325609e-13
0.0464886745688151,0.0400887337891777,0.0043292861560496,0.0,1.6,0.3869047619047618,0.0714285714285714,0.0428222422858356,0.0297774963058145,0.4116483516483516,1.935672514619883,0.5425438596491233,0.2709370755998189,0.0444996479349801,0.0336215889226222,0.2502380952380952,2.0157894736842104,0.5811403508771935,0.2605251244907197,0.0576833265090397,0.0458096406627989,0.2627489177489178,2.0526315789473686,0.5750000000000003,0.1831145314622,0.0389663165432868,0.0317402358944937,0.300515873015873,2.031578947368421,0.5785087719298249,0.2632412856496152,0.0250976959014834,0.019334168353255,0.3270238095238095,2.036842105263158,0.5776315789473693,0.233816206428248,0.0465352861663288,0.1898701214153185,0.2463095238095238,2.0210526315789474,0.5807017543859656,0.249660479855138,8.11987364757675e-12,7.244158043363478e-13,7.278921871102105e-13
0.053904495296377,0.032025469426826,0.0016601022102145,0.0,2.2857142857142856,0.4386904761904761,0.2142857142857142,0.0505162763684707,0.0367806461978622,0.3536813186813186,1.865497076023392,0.5526315789473688,0.2043911272068809,0.047111953249877,0.033072889078177,0.3415873015873015,2.08187134502924,0.5251754385964916,0.2913082842915346,0.0438458863215458,0.0335260190009981,0.3125,2.163157894736842,0.5618421052631584,0.3390674513354459,0.0433264405112909,0.0330575446694286,0.301547619047619,2.284210526315789,0.5491228070175445,0.243322770484382,0.0283108245859595,0.024162622576815,0.3311724386724387,1.7352941176470589,0.4719298245614037,0.154594839293798,0.0053805129013412,0.0351225546043423,0.3563888888888888,2.0701754385964914,0.5273684210526319,0.2428700769578994,5.799701906381759e-12,4.88946515575827e-13,5.913695319306676e-13
0.0592161248471264,0.0423741160107645,0.007714592623938,0.0,1.9047619047619049,0.4702380952380952,0.2244897959183673,0.0422258732668721,0.0302601871064053,0.3146284271284271,1.976608187134503,0.5385964912280706,0.2311000452693526,0.0463507732581347,0.0306511043085759,0.2963888888888889,1.9684210526315788,0.588596491228071,0.2555454956994115,0.073876261566321,0.0612031948035015,0.4696139971139971,1.830065359477124,0.5078947368421053,0.2281575373472159,0.0318333593170452,0.0256229400265246,0.3756385281385282,2.046783625730994,0.5293859649122808,0.2148030783159801,0.0365347550706785,0.0306683672994284,0.2864682539682539,2.0473684210526315,0.5763157894736846,0.2550928021729289,0.0236135405405868,0.09859705087725,0.4375613275613275,1.8771929824561404,0.5508771929824565,0.1885468537799909,4.445328773307609e-12,5.56446797518891e-13,3.7093974681482043e-13
0.0329951126962943,0.0199189796121383,0.0009439796881611,0.0,2.1904761904761907,0.4476190476190475,0.2142857142857142,0.0364842153233087,0.0293764204771209,0.3273412698412698,2.0292397660818717,0.5311403508771937,0.2301946582163875,0.0303733602421796,0.0235223328696042,0.273452380952381,2.0526315789473686,0.5767543859649131,0.2768220914440923,0.101566903489641,0.0695076015501463,0.4033608058608058,1.6583333333333334,0.4342105263157895,0.1414667270258035,0.0284238965631258,0.0236179254942052,0.2945238095238095,1.9941520467836256,0.5346491228070184,0.2279311905839746,0.0311813109153861,0.0232651664594786,0.3996572871572871,1.8235294117647056,0.5087719298245618,0.2315527387958351,0.035023873606088,0.1969662445883923,0.2946428571428571,1.9005847953216373,0.5482456140350885,0.2265731100045269,3.572328608079327e-12,3.2311463750995815e-13,4.867961501874412e-13
0.0527349835152315,0.0361637185042914,0.0032876533966993,0.0,2.0,0.4613095238095237,0.2142857142857142,0.0456334514878387,0.0338397410360371,0.3015873015873015,2.0473684210526315,0.5785087719298253,0.2437754640108646,0.0601763922843794,0.0492345180174407,0.2605555555555555,2.0058479532163744,0.5320175438596495,0.2440926275992438,0.2406812415303093,0.1407540746178329,0.5522727272727274,1.6985294117647058,0.4763157894736841,0.1532367587143503,0.0656843681417991,0.0660921610541818,0.433023088023088,1.7720588235294117,0.467982456140351,0.1944318696242643,0.0537874829321277,0.0620519308301,0.277063492063492,1.786764705882353,0.4657894736842105,0.1631960162969669,0.086251989467174,0.3606978939487646,0.3918894993894993,1.7279411764705883,0.4728070175438594,0.1496152105024898,7.268012360154986e-12,2.1761888916567175e-12,5.241330348453232e-13
0.0470141410947374,0.0238358287459594,0.0082354090036131,0.1875,2.0476190476190474,0.4583333333333333,0.2142857142857142,0.0412664746727337,0.0309781346460714,0.3084523809523809,1.912280701754386,0.5464912280701759,0.2179719330013581,0.0473601976361103,0.0362555191915865,0.2951190476190476,2.0584795321637426,0.5301754385964915,0.2324581258488003,0.2159474318098883,0.1332855283417177,0.4113125763125763,1.7058823529411764,0.475438596491228,0.1570846536894522,0.0471436476677191,0.034486125850479,0.2977777777777778,2.0,0.5346491228070178,0.2025803531009506,0.0338385023787945,0.0246480871529703,0.3339682539682539,1.9842105263157892,0.5868421052631582,0.2587143503847895,0.0808611972951812,0.2271735946095504,0.4017532467532467,1.9150326797385624,0.4978070175438597,0.1464463558171118,3.791713813251832e-12,9.831796690276593e-13,3.7604348528733283e-13
0.0406050770296725,0.0271290757558646,0.0023111226848084,0.2708333333333333,1.6666666666666667,0.3809523809523809,0.2040816326530612,0.0590924431941805,0.0479643825620324,0.249084249084249,1.8496732026143792,0.506578947368421,0.1527840651878678,0.0388777434945065,0.0296236278070001,0.3837914862914863,2.04093567251462,0.5313157894736849,0.2098234495246718,0.2161071031473413,0.1279324929815462,0.4003841991341991,1.8128654970760236,0.5605263157894737,0.1437301946582163,0.0406062028545534,0.0308894975930399,0.3858441558441557,2.142105263157895,0.5666666666666669,0.2430964237211408,0.0363029575174876,0.034670044943378,0.2801948051948051,1.8421052631578947,0.556140350877193,0.2111815301041195,0.0854906381542541,0.2797760489567397,0.5139213564213565,1.9239766081871343,0.544736842105263,0.1790402897238569,3.162332003186707e-12,1.4370311702881093e-12,5.059585131931433e-13
0.0507423958483494,0.0314628115013344,0.0010090817356205,0.2083333333333333,1.6666666666666667,0.380952380952381,0.1224489795918366,0.0499522870520593,0.0361313522044192,0.2865079365079365,2.0116959064327484,0.5324561403508775,0.2172928927116342,0.052833223973315,0.0394613433811558,0.2479509379509379,2.017543859649123,0.5333333333333337,0.1883205070167496,0.1732648162837353,0.1215578909560107,0.33002886002886,1.8366013071895424,0.5074561403508773,0.162516976007243,0.0406348134912,0.0317307376824203,0.3146176046176047,2.0842105263157893,0.571929824561404,0.240153915799004,0.0545783014875817,0.0429866511150656,0.1927777777777777,1.9684210526315788,0.5894736842105267,0.1208691715708465,0.0591657686581611,0.3040591126590931,0.367063492063492,1.830065359477124,0.5078947368421054,0.2483023992756903,4.482398174795756e-12,1.5917588417163129e-12,4.3075951207132864e-13
0.0532999762842541,0.0422805009943374,0.0008788776407018,0.0,2.571428571428572,0.5172619047619046,0.3061224489795918,0.0632517787421256,0.0454895542470334,0.3067532467532467,2.0326797385620914,0.486140350877193,0.1749660479855138,0.0523716847210634,0.0406734462329883,0.3249747474747474,1.843137254901961,0.5070175438596496,0.1774558623811679,0.1228833696819764,0.083473846879196,0.3899242424242424,1.830065359477124,0.5078947368421052,0.1242643730194658,0.0308016631859914,0.0226619908240386,0.3675505050505051,1.8830409356725144,0.5491228070175442,0.261578449905482,0.0374996359424977,0.0311885712246294,0.4126556776556776,1.7712418300653594,0.5157894736842105,0.1448619284744228,0.0461744837664618,0.16076950620097,0.3503066378066378,2.0350877192982457,0.5315789473684208,0.2193300135808058,2.5725767162669967e-12,8.366132226652979e-13,3.5563551133870493e-13
0.0403586192785763,0.0217923655148498,0.000423163308486,0.3125,1.6666666666666667,0.3809523809523809,0.2040816326530612,0.0479481719173752,0.0341450478012122,0.3580952380952381,2.057894736842105,0.5750000000000004,0.2406066093254866,0.0508450417081406,0.0368100048190141,0.3838344988344988,1.7450980392156863,0.5192982456140351,0.1699864191942055,0.2169219066676489,0.1234683155447783,0.3553546453546453,1.713235294117647,0.4745614035087719,0.1369397917609778,0.0423942819843789,0.0281554173760343,0.266547619047619,2.136842105263158,0.5653508771929828,0.2795382526029877,0.0401134831479923,0.0288408077801742,0.3702525252525252,1.908496732026144,0.5,0.1731552738795835,0.084069015023154,0.315647277106865,0.1886616161616161,1.786764705882353,0.4662280701754386,0.1333182435491172,3.961898265569166e-12,1.441042107293548e-12,4.174952185722476e-13
0.0573979176645105,0.0304984370263646,0.0034829595390775,0.3583333333333333,1.5333333333333334,0.3928571428571428,0.0714285714285714,0.0575214279962789,0.0501063815023222,0.5053663003663004,1.824561403508772,0.5587719298245617,0.1523313716613852,0.0494885206244999,0.0293465626189321,0.3407828282828283,1.912280701754386,0.5464912280701759,0.1978270710728836,0.0574849365854661,0.0370709957085585,0.4197943722943724,1.9005847953216373,0.548245614035088,0.1794929832503395,0.0282866682999285,0.0228633615628661,0.3482783882783882,1.8771929824561404,0.5517543859649123,0.2025803531009506,0.0271102057738663,0.0233704063934218,0.2246428571428571,1.9005847953216373,0.5482456140350881,0.2224988682661837,0.0575714537801161,0.1830995084795416,0.3306998556998557,2.0058479532163744,0.5357017543859651,0.224309642372114,1.2194412530217243e-09,1.14645203780408e-09,5.251310262532188e-12
0.0301933995824168,0.0210018373895406,0.002246020637349,0.0,2.0,0.4613095238095238,0.2142857142857142,0.0581289328917815,0.05044520320125,0.4437728937728938,1.947368421052632,0.592105263157895,0.2455862381167949,0.0285633520016309,0.0216195119152727,0.2389285714285714,2.057894736842105,0.5754385964912292,0.2356269805341783,0.0379193728274333,0.0256490552356735,0.5160678210678211,1.9415204678362568,0.5425438596491229,0.2143503847894975,0.0205448356087641,0.0158082963724716,0.3618831168831168,1.91812865497076,0.5434210526315794,0.1918714555765595,0.0281574921320749,0.0227757287060571,0.2860497835497835,1.7720588235294117,0.4662280701754389,0.1547731568998109,0.0512085852468481,0.183490120764298,0.4607142857142857,1.91812865497076,0.5447368421052633,0.2335898596650068,2.2629031358367112e-12,4.939801778701378e-13,3.103218228221466e-13
0.042343069189526,0.0334883066435212,0.0012043878779987,0.125,1.8,0.357142857142857,0.1666666666666666,0.0652802214840183,0.0675296397110407,0.4419949494949494,1.7,0.4298245614035088,0.1244907197827071,0.0426850140226383,0.0295523517000512,0.3433982683982683,2.0842105263157893,0.5734210526315797,0.1899049343594386,0.0352220922084841,0.025785440306407,0.4162481962481962,2.2,0.5592982456140357,0.2632412856496152,0.0254096717657559,0.0206623407483133,0.3092460317460317,1.9824561403508767,0.5368421052631579,0.2304210049796288,0.0373015886612791,0.0276052982811696,0.3241305916305916,2.310526315789473,0.5494736842105267,0.2299683114531462,0.0325660999933184,0.1297809316102991,0.323531746031746,1.7647058823529411,0.4684210526315788,0.2034857401539158,2.289837771553229e-12,4.39239160949253e-13,3.11916325408374e-13
0.0461015498937441,0.0255724006482463,0.0097978581426385,0.0,2.0,0.4613095238095237,0.2244897959183673,0.0773031990803479,0.060713166389928,0.5367685092685093,1.7352941176470589,0.4719298245614035,0.1539157990040742,0.0396783273570795,0.0272956327734524,0.2622222222222222,1.8888888888888888,0.5008771929824561,0.2125396106835672,0.0459774644123084,0.0305391001836209,0.3426839826839826,1.865497076023392,0.5526315789473685,0.1862833861475781,0.0308765305405697,0.0239972146428446,0.327564935064935,2.0,0.5355263157894737,0.1754187415119963,0.0363644618202189,0.0292776717349183,0.3940981240981241,1.862745098039216,0.5039473684210526,0.1550475328202807,0.0285342274014517,0.1293252172780833,0.2971031746031746,1.816993464052288,0.5096491228070178,0.164101403349932,2.8275086675043453e-12,4.959006192781474e-13,2.597848096339791e-13
0.0275556041237496,0.0179627590847419,0.0012043878779987,0.2708333333333333,2.142857142857143,0.4494047619047618,0.3163265306122449,0.0510869472108055,0.0370000499203418,0.4029761904761905,1.9239766081871343,0.5447368421052632,0.1962426437301946,0.0301119241252768,0.0220093744206197,0.2599206349206349,2.1052631578947367,0.5677192982456151,0.262523629489603,0.042648351290648,0.0317947668183902,0.3466919191919192,1.8088235294117647,0.4631578947368422,0.1727025803531009,0.0238352301443038,0.0226649923797798,0.4652197802197803,1.9298245614035088,0.5442982456140354,0.1489361702127659,0.0437079727736384,0.0373358866061517,0.3294047619047618,1.8235294117647056,0.5087719298245613,0.154594839293798,0.0382919963885495,0.1722274665538231,0.2353607503607503,1.865497076023392,0.5526315789473689,0.2419646899049343,2.4648692364809645e-12,4.366207428330942e-13,2.961001218071577e-13
0.0262965770273475,0.0231422992518589,0.002246020637349,0.2083333333333333,2.2857142857142856,0.4386904761904761,0.2142857142857142,0.0488510345229304,0.0354349354459705,0.3538816738816738,1.9631578947368424,0.5890350877192989,0.2387958352195563,0.0255921288198198,0.0204406068301442,0.2423701298701298,1.9415204678362568,0.5416666666666667,0.2437754640108646,0.0428657578649269,0.0300191865102159,0.4399278499278499,1.8496732026143792,0.5035087719298245,0.205812854442344,0.0239268869742795,0.019161286733652,0.2575396825396825,2.0,0.583771929824562,0.2347215934812132,0.0353223150973361,0.0275934162497384,0.3434126984126984,2.0526315789473686,0.5295614035087725,0.2616568583069262,0.0485531069952149,0.1996354285342274,0.2540476190476191,1.8496732026143792,0.5052631578947374,0.2014486192847442,1.3844509376735071e-09,2.5406840772275904e-09,1.0262332675518064e-11
0.0789757587876138,0.0404605590096405,0.0115556134240421,0.3125,1.6666666666666667,0.3809523809523809,0.2040816326530612,0.0610151807695404,0.0574198442971468,0.3456204906204906,1.871345029239766,0.5517543859649126,0.1905839746491625,0.0624875149691878,0.0404138535626519,0.253015873015873,1.8235294117647056,0.462280701754386,0.1971480307831598,0.0934716352092431,0.0613804596100587,0.1884523809523809,1.7908496732026145,0.5131578947368421,0.168854685377999,0.0585973249911341,0.0453191116426566,0.3403030303030303,1.91812865497076,0.5460526315789477,0.1776822091444092,0.035755243712941,0.0323468130677613,0.5339438339438339,1.6333333333333333,0.4368421052631579,0.1344499773653237,0.0580357341712081,0.1890237947983464,0.2986904761904762,1.8496732026143792,0.5061403508771933,0.2086917157084653,4.060092460372053e-12,4.149589291093152e-13,6.424591075962024e-13
0.075603240221905,0.0389434393213077,0.0026366329221054,0.0,1.6666666666666667,0.3809523809523809,0.1224489795918366,0.0479142503242253,0.034422832773282,0.2346428571428571,2.136842105263158,0.5644736842105268,0.2550928021729289,0.0551902607337,0.0400629492308185,0.3246031746031746,1.7083333333333333,0.4324561403508772,0.1582163875056586,0.088896331842268,0.062838272785815,0.4415043290043289,1.8596491228070176,0.5535087719298247,0.1414667270258035,0.049963594249776,0.0398336841947841,0.2582178932178932,1.91812865497076,0.5464912280701753,0.1903576278859212,0.0268700134829766,0.0237043659473714,0.2742857142857143,1.9421052631578948,0.5921052631578947,0.2453598913535536,0.0548268885161701,0.2711174766446405,0.2124206349206349,2.057894736842105,0.5750000000000016,0.2301946582163875,4.875836295724982e-12,4.2559959754041333e-13,7.063998985368756e-13
0.0537835914939524,0.0365401566816835,0.0038084697763744,0.0,1.9047619047619049,0.4702380952380952,0.2244897959183673,0.0541186467682829,0.0414313880425081,0.2463492063492064,1.95906432748538,0.5403508771929826,0.2007695789950204,0.0495298090282834,0.0357023170726463,0.2763095238095238,2.0473684210526315,0.5767543859649134,0.2283838841104572,0.0678125198090111,0.0468236418380782,0.3754548229548229,2.110526315789474,0.5722807017543862,0.1876414667270257,0.045524148576578,0.0360693729691229,0.2931782106782107,1.7712418300653594,0.5162280701754385,0.1747397012222725,0.0234369084065588,0.0208647720225926,0.3191341991341991,1.8362573099415205,0.5570175438596495,0.2224988682661837,0.030754207219817,0.2504150255525536,0.3528571428571428,1.8104575163398693,0.5105263157894739,0.1901312811226799,7.396783691911687e-12,4.075817863299128e-13,6.020083827989088e-13
0.0752788925211697,0.0435677705571345,0.0019856124475114,0.1875,1.6,0.3869047619047619,0.1224489795918366,0.0503432419791707,0.0388995441207365,0.2738888888888888,2.0233918128654973,0.5324561403508776,0.2566772295156179,0.0589560715368708,0.039612020992837,0.3396733821733821,1.8235294117647056,0.5087719298245613,0.1740606609325486,0.0967327338234261,0.0604880222629817,0.2767940392940392,1.8304093567251465,0.5578947368421053,0.1550475328202806,0.0552265808233353,0.042399757468385,0.2538378288378288,1.8596491228070176,0.5548245614035088,0.1330918967858759,0.0384501258354048,0.0312841802807746,0.308015873015873,1.7794117647058822,0.4666666666666669,0.1532367587143503,0.0462974923719245,0.1971615507307705,0.2736507936507936,1.9005847953216373,0.54780701754386,0.1647804436396559,3.517264201142108e-12,3.3058471944435263e-13,6.575043326134818e-13
0.0677735564783512,0.040878678104799,0.0012043878779987,0.0,1.6666666666666667,0.3809523809523809,0.1224489795918366,0.0537616134343214,0.0439838599325552,0.4126984126984127,1.9842105263157892,0.5859649122807021,0.2994567677682209,0.0624941964951113,0.0405769834289812,0.3283982683982683,2.0631578947368423,0.5750000000000008,0.1966953372566772,0.0976760282268772,0.0634438121520369,0.2549675324675324,1.843137254901961,0.5065789473684211,0.1220009053870529,0.0447006076762166,0.0403065606441133,0.345967365967366,1.9239766081871343,0.5460526315789477,0.1781349026708918,0.0298263317223431,0.0255445298986927,0.3314285714285714,1.9894736842105265,0.585526315789474,0.2555454956994115,0.0566139397189304,0.2499593112203378,0.27,1.7843137254901962,0.5140350877192984,0.2098234495246718,4.1747608019653516e-12,4.4486241585227996e-13,6.18279672479026e-13
0.0469397387547838,0.024383562388555,0.007389082386641,0.0,2.0,0.4613095238095237,0.2244897959183673,0.0457687952180832,0.0318696944861418,0.2525396825396825,1.830065359477124,0.5078947368421055,0.2016749660479855,0.0414955310870842,0.0275400003408309,0.1817063492063492,2.0210526315789474,0.5807017543859655,0.2537347215934812,0.102727947109726,0.0702155132460789,0.4033849483849483,1.7205882352941178,0.4736842105263157,0.1405613399728383,0.0462651126693724,0.0441765010091253,0.3104040404040403,1.8014705882352944,0.4649122807017543,0.1767768220914441,0.0415584059592358,0.0384586993715469,0.3787698412698412,1.8421052631578947,0.556140350877193,0.1840199185151652,0.0313301890186551,0.1741154259301455,0.3607142857142857,1.9005847953216373,0.5456140350877199,0.2436200378071833,5.587685300733108e-12,8.575093660266543e-13,7.38591127455588e-13
0.0274102870535278,0.019255485950297,9.76530711890889e-05,0.2083333333333333,2.238095238095238,0.4416666666666666,0.2959183673469387,0.0481638652798788,0.0295932738749819,0.2432142857142857,1.973684210526316,0.5868421052631585,0.2754640108646446,0.041875178816479,0.035864755992226,0.4055411255411255,2.168421052631579,0.5660526315789476,0.2132186509732911,0.0773354074617225,0.0571410981308937,0.4011782661782662,1.7647058823529411,0.4688596491228069,0.1455409687641466,0.0834478044334494,0.0603578066040774,0.3098809523809523,1.6666666666666667,0.4333333333333333,0.1167949298325033,0.023521198425901,0.0221095136966716,0.4490140415140415,2.0,0.5837719298245614,0.2188773200543232,0.0465496771452409,0.1784121610624654,0.4488095238095238,2.0292397660818717,0.5315789473684217,0.2754640108646446,1.2006443278413156e-11,2.013604844433664e-12,6.086605278346743e-13
0.035180681432431,0.0249031976632425,0.0001627551186484,0.25,1.8,0.3720238095238095,0.1224489795918366,0.0499915196017125,0.0406579834820859,0.363058608058608,1.9105263157894736,0.5978070175438601,0.2016749660479855,0.0461856196430009,0.0345268224642331,0.3560750360750361,2.0116959064327484,0.5320175438596495,0.2209144409234947,0.072407353790224,0.0570758475026726,0.3238095238095238,1.9883040935672516,0.5333333333333337,0.2715028355387523,0.0619312351057651,0.0422321516150704,0.3361183261183261,1.875,0.4578947368421051,0.1285649615210503,0.0250103221009458,0.0172276422390581,0.2157539682539682,1.7426470588235294,0.4710526315789475,0.1550475328202806,0.0317999516874279,0.137723381400345,0.3021031746031745,1.894736842105263,0.5486842105263163,0.2501131733816206,5.7300856175717026e-12,1.974713545770891e-12,1.0070041831982994e-12
0.0583325970601775,0.0443956402275558,0.002571530874646,0.0,1.6666666666666667,0.3809523809523809,0.1224489795918366,0.1339551721006888,0.1211014195250505,0.4897935397935397,1.7777777777777777,0.5149122807017545,0.1441828881846989,0.060911874099493,0.0419593764332813,0.2776587301587301,1.7794117647058822,0.4671052631578948,0.1727025803531009,0.0820947097733592,0.0722315921466903,0.5590911865911865,1.8888888888888888,0.549122807017544,0.2365323675871434,0.0291845625913356,0.0233167794192869,0.3239285714285714,2.0701754385964914,0.5254385964912286,0.2713897691263014,0.03054982105503,0.0225864227537639,0.3572943722943723,1.8830409356725144,0.5504385964912282,0.2136713444997736,0.0158999758437139,0.0823866410598613,0.4047402597402597,1.9707602339181287,0.5368421052631582,0.2417296786389414,1.4619822028111958e-12,1.4816147170705554e-13,3.0720363494740285e-13
0.0573188651783098,0.0399467182316874,0.0027017349695647,0.3333333333333333,1.6,0.3869047619047618,0.0714285714285714,0.1054442443793804,0.0899887596883231,0.4707792207792207,1.6666666666666667,0.4333333333333332,0.1500679040289724,0.0419195510014579,0.0327435653859151,0.383015873015873,1.7083333333333333,0.4293859649122807,0.1455409687641466,0.0950539576048614,0.0725805890991048,0.2918253968253969,2.126315789473684,0.5687719298245618,0.2105024898143956,0.0406630814854916,0.0295710287181662,0.2007142857142857,2.0526315789473686,0.5741228070175443,0.3078922495274102,0.0401314718716324,0.0295391282926569,0.3234559884559885,1.725,0.4271929824561403,0.1249434133091897,0.0574731154242169,0.2191660427720451,0.3139754689754689,2.046783625730994,0.5319298245614034,0.1991851516523314,2.7748446248024106e-12,3.711937537047117e-13,3.3135217504749906e-13
0.048059261463773,0.0287992390948769,0.0013996940203769,0.1875,2.0476190476190474,0.4583333333333333,0.2142857142857142,0.0543883063017068,0.0358429117024886,0.3548809523809523,1.976608187134503,0.5368421052631586,0.2437754640108646,0.0453601942096868,0.0342229774444265,0.3459126984126984,2.1578947368421053,0.5620175438596501,0.2612041647804436,0.14460278328385,0.1014660296449024,0.336038961038961,1.619047619047619,0.3938596491228071,0.0830692621095518,0.0436507515003452,0.0323448172936682,0.2461904761904761,1.91812865497076,0.5447368421052632,0.2240832956088727,0.0292599439094464,0.0259484447219406,0.3207661782661782,1.8496732026143792,0.506578947368421,0.1803983703033046,0.0514453511141872,0.2468995149897464,0.4501262626262626,1.7,0.429824561403509,0.1294703485740153,3.714429655620281e-12,2.116056291621728e-12,9.945170594456312e-13
0.0739652262063642,0.0416282324441555,0.0016926532339442,0.25,1.8,0.3720238095238095,0.1224489795918366,0.0474292400706528,0.0323459508895978,0.2588888888888889,1.8529411764705883,0.4587719298245615,0.1668175645088275,0.0615807119765495,0.0415899433340741,0.3182431457431457,2.026143790849673,0.4870175438596492,0.157763693979176,0.1497950142110916,0.0739524897538338,0.2397835497835498,2.036842105263158,0.5776315789473686,0.2086917157084653,0.0455553290308874,0.0364059625181369,0.285,2.057894736842105,0.5767543859649125,0.2732005432322317,0.039557031963392,0.0340810116625394,0.2821464646464647,1.906432748538012,0.5473684210526314,0.1923947487550927,0.0559743977632307,0.1679307314215032,0.2873160173160173,1.947368421052632,0.5412280701754388,0.2107288365776369,5.857065709566923e-12,2.989021976581064e-12,9.51861978757895e-13
0.0433370379498435,0.0307495110087757,0.0038735718238338,0.2916666666666666,1.6666666666666667,0.3809523809523809,0.1224489795918366,0.0438421172556403,0.0326889050609818,0.4567171717171717,1.919117647058824,0.4539473684210526,0.1939791760977817,0.0481224055549178,0.0373793473892377,0.5390537240537239,1.7058823529411764,0.475438596491228,0.1704391127206881,0.1485973078590163,0.0698719683959571,0.2053571428571428,1.973856209150327,0.4934210526315791,0.1579900407424173,0.0322352787995182,0.0237290523552422,0.3697727272727272,1.9842105263157892,0.585087719298246,0.2863286555002263,0.0323879259686927,0.0267146208829502,0.2320238095238094,1.935672514619883,0.5434210526315792,0.2209144409234947,0.0596434121011,0.1829693043846229,0.3746031746031745,1.786764705882353,0.4692982456140351,0.2206880941602535,5.995744644583671e-12,5.180067805086295e-12,1.1056800955369824e-12
0.1062477039902904,0.0507672379609193,0.0028319390644835,0.125,1.6666666666666667,0.3809523809523809,0.1224489795918366,0.0547518498404143,0.0540445400614434,0.1754761904761904,1.9019607843137252,0.4991228070175441,0.2247623358985966,0.1620400240534933,0.0863472236196273,0.2690018315018314,1.675,0.4324561403508771,0.1373924852874603,0.1751270774834289,0.0837887236859108,0.2658333333333333,1.803921568627451,0.51140350877193,0.1980534178361249,0.0550533751128578,0.0398072585371664,0.2836363636363636,1.7647058823529411,0.5166666666666665,0.1751923947487551,0.027011524775612,0.0230033086845437,0.2009920634920635,1.830065359477124,0.5087719298245613,0.2039384336803983,0.0638911493766479,0.2174733895381009,0.3726190476190477,1.9019607843137252,0.4991228070175441,0.205296514259846,3.1368142457215968e-12,1.1668124811149904e-12,2.834850165214922e-13
0.1169093267983277,0.0571240686385647,0.0046547963933465,0.0,1.6666666666666667,0.3809523809523809,0.1224489795918366,0.0602022617821856,0.047686098177584,0.2290079365079365,1.7941176470588236,0.4649122807017546,0.1668175645088275,0.1738418260096385,0.0922306014974998,0.2070945720945721,1.8888888888888888,0.549122807017544,0.1586690810321412,0.1600264862540453,0.087786229642662,0.2919047619047619,1.8455882352941175,0.4596491228070177,0.1627433227704843,0.0571321862809427,0.0392136404926136,0.2541666666666666,1.8235294117647056,0.5087719298245613,0.1763241285649615,0.0225815017671779,0.0212628831746311,0.559047619047619,1.9,0.5991228070175441,0.2956088727931191,0.0782368994978576,0.3327040135412258,0.3029401154401154,1.9707602339181287,0.5368421052631582,0.1925803402646503,2.7051002204816002e-12,1.1843907838553697e-12,2.7823062813005293e-13
0.0418187652001655,0.0283726887015102,0.0016275511864848,0.3583333333333333,1.5333333333333334,0.3928571428571428,0.0714285714285714,0.0873386796962133,0.0470344378944208,0.1948412698412698,1.9941520467836256,0.5355263157894739,0.2605251244907197,0.0697160694124882,0.0520015586994537,0.3122222222222223,2.026143790849673,0.4900877192982456,0.1899049343594386,0.1521837453893188,0.0839295056295604,0.3162445887445888,1.935672514619883,0.5425438596491229,0.1747397012222725,0.0489766129460561,0.0349865239232896,0.195595238095238,2.0526315789473686,0.5276315789473686,0.2397012222725215,0.0189719358779096,0.0169966961314391,0.214047619047619,1.9842105263157892,0.5846491228070179,0.2216446124763705,0.0412592791832776,0.1758080791640897,0.2458333333333333,1.9005847953216373,0.54780701754386,0.227478497057492,1.0583168199901298e-11,1.1244520815063504e-12,3.681036529624688e-13
0.038862434723572,0.0292765384818299,0.0032225513492399,0.0,1.9047619047619049,0.4702380952380952,0.2244897959183673,0.0871911721623645,0.0591242645674381,0.2718831168831169,1.75,0.4250000000000001,0.1518786781349026,0.065926273644464,0.0504117716844956,0.2597222222222222,1.7,0.4298245614035089,0.1491625169760072,0.1171771752221607,0.0698927340473618,0.2546428571428571,1.75,0.425,0.1127206880941602,0.0655928826330009,0.0425564106093436,0.1694047619047619,2.1169590643274856,0.521842105263158,0.2057492077863286,0.0235688257132528,0.0210057059587732,0.4203535353535353,1.9415204678362568,0.5394736842105267,0.2993856332703213,0.0541159056294425,0.2379805344878096,0.3205844155844156,1.95906432748538,0.5394736842105265,0.2175192394748755,1.203457466724772e-11,1.2146235215895468e-12,5.080789571684756e-13
0.0675119857519519,0.047780894356735,0.0027017349695647,0.0,1.6666666666666667,0.3809523809523809,0.1224489795918366,0.0696807772499182,0.0473059827241495,0.3542099567099567,1.9150326797385624,0.4973684210526316,0.2003168854685378,0.1472759076167682,0.0933458680100245,0.2895454545454545,1.7205882352941178,0.4736842105263159,0.1238116794929832,0.1331359142297656,0.0846036997104488,0.184498556998557,1.7941176470588236,0.4649122807017544,0.1505205975554549,0.0683499543429062,0.0440158962425331,0.2118253968253968,2.08187134502924,0.5244736842105268,0.2322778827977315,0.0270168357321153,0.019081711038304,0.2675757575757575,2.026315789473684,0.5821929824561408,0.2172928927116342,0.0543955017911629,0.1953386934019075,0.2129761904761904,1.934640522875817,0.4951754385964912,0.2019013128112268,3.653263775262838e-12,2.028676023298812e-12,4.4224974315478717e-13
0.1805361153608281,0.0747430781847687,0.0121415318511767,0.2083333333333333,1.6666666666666667,0.3809523809523809,0.2040816326530612,0.0420350214751096,0.0295469959425528,0.2992748917748918,1.9883040935672516,0.5370175438596497,0.2066545948392938,0.121778348086942,0.0735249875412232,0.3864957264957265,1.6333333333333333,0.4368421052631579,0.0873698506111362,0.1032576721906324,0.0776253997680071,0.3705067155067155,1.95906432748538,0.5425438596491234,0.1982797645993662,0.0378391945163517,0.0308095996791442,0.3350505050505051,1.976608187134503,0.5372807017543868,0.1665912177455862,0.0368378222337197,0.0296279640745363,0.2657936507936508,1.9947368421052631,0.5846491228070185,0.2496604798551381,0.0292829009472347,0.2047784902835194,0.3315367965367966,1.95906432748538,0.5381578947368422,0.2592155009451796,2.663394574323692e-12,7.789051196575447e-13,4.830530990534777e-13
0.0378277771835924,0.0343656579242563,0.0008788776407018,0.0,2.0,0.4613095238095238,0.2142857142857142,0.0615101276514093,0.0414412219055164,0.2500396825396825,2.194736842105263,0.5627192982456142,0.2453598913535536,0.0387204706535388,0.0288046213567425,0.3013095238095237,1.9941520467836256,0.5364035087719298,0.2039384336803983,0.0913147015842069,0.0536968284254329,0.3564285714285714,1.9803921568627447,0.4938596491228073,0.2437754640108646,0.0501206957695661,0.0361965250721424,0.375580808080808,1.9019607843137252,0.4995614035087719,0.2261204164780443,0.0263848319082266,0.0210507334704394,0.3175,1.9941520467836256,0.5350877192982456,0.2301946582163875,0.0354305900815317,0.1670193027570717,0.3139682539682539,1.9532163742690056,0.5403508771929826,0.2587143503847895,2.0116095559388675e-12,2.856749822230313e-13,4.0631256371469466e-13
0.0490183541272373,0.0350871578812212,0.007714592623938,0.0,2.2857142857142856,0.4386904761904761,0.3163265306122449,0.0403893102438071,0.0287916461275201,0.3843975468975469,1.9005847953216373,0.5473684210526325,0.2374377546401086,0.0473793856079931,0.0352312369394764,0.2473809523809524,2.0233918128654973,0.530701754385965,0.1573110004526935,0.0576249059875038,0.0390904366316849,0.2628571428571428,1.9883040935672516,0.5368421052631587,0.221140787686736,0.0463473468345842,0.0313541766294225,0.4061507936507936,1.8888888888888888,0.5008771929824565,0.1740606609325486,0.022582529694243,0.0187924977105438,0.3105891330891331,1.9105263157894736,0.5973684210526322,0.2145767315527388,0.0562742098238989,0.195924611829042,0.3232431457431458,1.8830409356725144,0.5500000000000005,0.2138976912630149,4.570368505824711e-10,2.0222663268104655e-10,4.292931287436882e-12
0.0910138248847926,0.0602442152128505,0.0021809185898896,0.1875,2.0,0.4613095238095237,0.2142857142857142,0.0399270857068454,0.0295344090619235,0.3791666666666666,2.1157894736842104,0.5677192982456151,0.2700316885468538,0.0671152426164855,0.0463100626559903,0.2788888888888888,1.908496732026144,0.4986842105263163,0.1690810321412403,0.0902603910577198,0.0561629248044547,0.3301587301587301,1.908496732026144,0.4991228070175439,0.2238569488456315,0.0566763006275494,0.0426893886746404,0.2554256854256854,1.9150326797385624,0.4986842105263158,0.1631960162969669,0.0292126592644496,0.0230856243848074,0.435564713064713,2.0116959064327484,0.5328947368421053,0.2037120869171571,0.0299301523559231,0.1523062400312489,0.3354365079365079,1.7485380116959064,0.5701754385964913,0.1670439112720688,3.4374630183929376e-12,9.808428987102876e-13,4.592112558747663e-13
0.040463247569136,0.0280374401897371,0.0027017349695647,0.2625,1.8571428571428568,0.4761904761904762,0.1938775510204082,0.0401465481352546,0.0286798005980539,0.2812759462759463,1.936842105263158,0.5929824561403516,0.2064282480760525,0.0373017599824567,0.0288889789277749,0.3217216117216117,1.9947368421052631,0.5850877192982462,0.2025803531009506,0.0718332565243387,0.0489951113930917,0.3667673992673992,1.9842105263157892,0.5877192982456143,0.2195563603440471,0.0493870984874053,0.03581988278676,0.2810389610389611,1.9239766081871343,0.5447368421052632,0.2311000452693526,0.0195821819122527,0.0201397720927249,0.3752747252747253,2.0,0.5846491228070174,0.2043911272068809,0.0437955178953535,0.1763288955437648,0.3129761904761904,1.935672514619883,0.5421052631578953,0.2867813490267089,1.1301546769070864e-11,1.3401497120519857e-12,4.40127088933076e-13
0.0556157491153096,0.0332934867607753,0.000423163308486,0.3333333333333333,1.6,0.3869047619047618,0.0714285714285714,0.0632534919539009,0.0506631557400853,0.5566666666666668,1.7205882352941178,0.4736842105263157,0.1401086464463558,0.0450939610998134,0.031908741545798,0.3107539682539682,1.9532163742690056,0.5403508771929828,0.2424173834314169,0.1087020878911905,0.0661292811275109,0.329491341991342,1.934640522875817,0.4973684210526319,0.1650067904028972,0.0575515805235232,0.0395315970593687,0.3633302808302808,1.935672514619883,0.5407894736842103,0.2084120982986767,0.0244088134466565,0.0191137754052208,0.2721428571428571,2.036842105263158,0.5767543859649132,0.220226843100189,0.0364290499041458,0.1547150157872465,0.4012662337662337,1.9239766081871343,0.5442982456140354,0.2028066998641919,2.3017843068792677e-12,4.188116072829724e-13,5.074308726295977e-13
0.0530686315084609,0.0399167481746822,0.0026366329221054,0.2625,1.8571428571428568,0.4761904761904762,0.1938775510204082,0.0387451409031024,0.0302850768273613,0.3348809523809523,2.152631578947368,0.564824561403509,0.2333635129017655,0.0642101494091989,0.0431927204261835,0.3668317793317793,1.6666666666666667,0.4333333333333332,0.1124943413309189,0.1932869509798714,0.1333991696453237,0.333051948051948,1.6583333333333334,0.4342105263157894,0.1233589859665006,0.054822605486732,0.0440507662986807,0.4535461760461761,2.036842105263158,0.5808771929824569,0.2514712539610684,0.0714877017092713,0.0700536665734805,0.4971755368814191,1.725146198830409,0.5736842105263158,0.2089180624717066,0.0523077819218467,0.3643436086064907,0.3011507936507936,1.9941520467836256,0.5359649122807016,0.1794929832503395,3.2198464311519848e-12,7.621932135556347e-13,1.1604279899629448e-12
0.0544857635772645,0.0514160364186484,0.0027017349695647,0.0,1.809523809523809,0.4821428571428571,0.2040816326530612,0.0384818202532469,0.0318927293523224,0.2588492063492063,2.1157894736842104,0.5690350877192994,0.2725215029425079,0.0560365873506721,0.0423921190889093,0.5461760461760461,1.9415204678362568,0.5421052631578951,0.2100497962879131,0.2389447300749188,0.1589925489649029,0.2106457431457432,1.6833333333333331,0.4315789473684209,0.1023087369850611,0.0632060359877265,0.0564553805838025,0.3337265512265512,1.7083333333333333,0.4293859649122806,0.1115889542779538,0.047291840486278,0.0430009463347541,0.4389652014652014,2.0210526315789474,0.5807017543859656,0.2365323675871435,0.0814450598681855,0.4713713746297321,0.3549328449328449,1.7352941176470589,0.4719298245614033,0.1224535989135355,2.837364276822432e-12,3.148670387322904e-13,4.619487300859716e-13
0.0414502411100829,0.039080431125842,0.0003580612610266,0.0,2.0,0.4613095238095238,0.2142857142857142,0.0384600624637013,0.0255741599126,0.199047619047619,2.0058479532163744,0.5359649122807021,0.2267994567677682,0.0482666579863936,0.0362038877522283,0.3288092463092463,2.0350877192982457,0.5321929824561409,0.1686283386147578,0.2082016587316407,0.1254249050305368,0.2132792207792207,1.8161764705882355,0.4627192982456139,0.1591217745586238,0.0498440120678637,0.0467922734064052,0.2870634920634921,1.6285714285714286,0.3929824561403508,0.1183793571751923,0.0434362573860842,0.0425628539824371,0.3048015873015873,1.9941520467836256,0.5342105263157897,0.1620642824807605,0.0594302885562593,0.2806223755737118,0.2774314574314575,2.0058479532163744,0.5350877192982453,0.1745133544590312,2.195584803396211e-12,5.310273275240232e-13,6.011598444709209e-13
0.0443995963673057,0.02957365113089,0.0012043878779987,0.0,1.809523809523809,0.4821428571428571,0.2040816326530612,0.0329205635096171,0.0263732379923183,0.3392676767676767,2.1578947368421053,0.5633333333333346,0.2315527387958352,0.0461916158842143,0.0338880423755679,0.3130555555555555,1.9477124183006536,0.4986842105263159,0.2023540063377093,0.2075898708067,0.1671290703093469,0.3735081585081585,1.803921568627451,0.5122807017543858,0.1328655500226346,0.0589754308299311,0.0471099270486059,0.2119047619047619,1.9824561403508767,0.5333333333333337,0.2343209876543209,0.0586836708646065,0.0559967953815571,0.3828571428571428,1.9105263157894736,0.597368421052632,0.2152557718424626,0.0213037884251986,0.2213144103382051,0.5119444444444444,1.847953216374269,0.5557017543859649,0.2157084653689452,8.244396994118013e-12,3.498741346084562e-13,6.751002598915799e-13
0.0330009253791031,0.0238283547422638,0.0016601022102145,0.125,2.095238095238096,0.4523809523809523,0.2244897959183673,0.0469133920051259,0.0318195135537214,0.2133730158730158,2.0157894736842104,0.5811403508771937,0.2175192394748755,0.0380372417975703,0.0268218673624947,0.2732539682539682,1.9684210526315788,0.5881578947368425,0.2535083748302399,0.0702869115760006,0.051789135356395,0.3119871794871794,1.947368421052632,0.5412280701754388,0.2265731100045269,0.0453159933458854,0.0358111800768906,0.3976007326007326,1.8888888888888888,0.5508771929824561,0.1948845631507469,0.0195883494746436,0.015084633298617,0.3454401154401154,1.91812865497076,0.5460526315789479,0.217971933001358,0.04945459903135,0.1767195078285212,0.3651984126984127,1.9707602339181287,0.5368421052631585,0.2129017013232514,1.222888909778176e-09,8.152289939266072e-10,8.493402071231045e-12
0.0906569261603277,0.0417328144399483,0.0175450017903063,0.1875,2.0476190476190474,0.4583333333333333,0.2142857142857142,0.0758774642409872,0.0430872034649916,0.228015873015873,1.8496732026143792,0.5057017543859651,0.1740606609325486,0.0852079582113383,0.059255441805237,0.327457264957265,1.7794117647058822,0.4666666666666666,0.1428248076052512,0.0799434297471813,0.0622026438616861,0.3839610389610389,1.9150326797385624,0.4995614035087724,0.1894522408329561,0.0572000294672425,0.0472154218133264,0.413502331002331,1.8235294117647056,0.5092105263157894,0.1867360796740606,0.020472024108316,0.0179376082260062,0.2752380952380953,2.0,0.5828947368421059,0.3012675418741511,0.0289889138066023,0.1211874613456593,0.1873412698412698,1.8888888888888888,0.5491228070175443,0.1994114984155726,3.356644621998204e-12,1.6665588060236425e-12,7.165621034078914e-13
0.0370558529065739,0.0292504144791249,0.0001627551186484,0.375,1.7333333333333334,0.375,0.1938775510204082,0.0485210699350178,0.0329287021928861,0.3466774891774892,1.8771929824561404,0.5513157894736843,0.2000905387052965,0.0437319577384919,0.0310543128436659,0.2001587301587301,1.947368421052632,0.541228070175439,0.2365323675871435,0.0934063618406062,0.0674432564479046,0.2978968253968254,2.0,0.5355263157894742,0.2308736985061113,0.0569301986126411,0.0435917064921212,0.2723015873015873,1.973856209150327,0.4931578947368423,0.1611588954277953,0.0284326339431796,0.0268392114908598,0.487579365079365,1.947368421052632,0.592543859649123,0.2501131733816206,0.0444969067961397,0.1582956283975131,0.3083333333333333,2.026315789473684,0.5793859649122814,0.2996831145314622,3.19013301877896e-12,6.009200890805533e-13,5.825946522734296e-13
0.0820274172622729,0.0336481167391307,0.0154617362716057,0.2708333333333333,1.9523809523809523,0.4642857142857141,0.3163265306122449,0.0921492070399298,0.0546117656083138,0.181031746031746,1.830065359477124,0.5078947368421053,0.2075599818922589,0.0732982239133526,0.0469469623057413,0.2440151515151515,2.0842105263157893,0.5719298245614037,0.2664101403349932,0.1186779487372772,0.0835800606038918,0.226031746031746,2.0842105263157893,0.5728070175438601,0.2867813490267089,0.0547352316861944,0.0451642506846302,0.3051556776556777,1.75,0.4701754385964912,0.1278859212313264,0.0288020024019229,0.0276314999886076,0.3127922077922078,1.912280701754386,0.5473684210526316,0.2025803531009506,0.0444938230149443,0.1704697112724195,0.3156782106782106,1.847953216374269,0.5552631578947369,0.2188773200543232,6.491672164953844e-12,1.0682006444752114e-12,7.321246779983715e-13
0.0783921654336028,0.0521094063658715,0.0013020409491878,0.3583333333333333,1.5333333333333334,0.3928571428571428,0.0714285714285714,0.0478885521475966,0.0353324382404661,0.2609920634920635,2.087719298245614,0.5271052631578949,0.1808510638297872,0.0793331837128382,0.0555085870857982,0.4139718614718614,1.9411764705882355,0.4956140350877195,0.2030330466274332,0.0807075221989415,0.0558098848370181,0.3135714285714286,2.0789473684210527,0.5719298245614042,0.2315527387958352,0.0286993810165856,0.019506901522173,0.3397619047619047,2.0210526315789474,0.5802631578947375,0.3137166138524219,0.0234807666280051,0.0171193638150834,0.275,1.9684210526315788,0.5877192982456145,0.2824807605251245,0.0314449742075967,0.1892191009407245,0.227063492063492,1.935672514619883,0.542105263157895,0.2374377546401086,5.302818850283701e-12,3.1577646289207177e-12,5.223723168414487e-13
0.0308304696182694,0.0203648247996588,0.0010416327593502,0.0,1.7333333333333334,0.3988095238095238,0.326530612244898,0.0525460896797835,0.0392962043576929,0.2992857142857143,1.95906432748538,0.5394736842105268,0.2768220914440923,0.0375176246661378,0.0289810137980166,0.4484645909645909,1.9578947368421051,0.5907894736842108,0.2317790855590765,0.0616279966215463,0.0441192493791201,0.1891414141414141,1.9824561403508767,0.53640350877193,0.1573110004526935,0.0275777412673312,0.0222733855438163,0.4001262626262626,1.908496732026144,0.498684210526316,0.1754187415119963,0.021396987145772,0.0158636465289757,0.2198484848484848,1.936842105263158,0.5929824561403512,0.1935264825712992,0.0430187476764565,0.1954037954493669,0.2714285714285714,1.935672514619883,0.5434210526315797,0.2532820280669987,4.718334056145763e-09,1.924688627141133e-09,7.310412540575711e-11
0.0470094909484903,0.0328917367220623,0.0021158165424302,0.5,1.3,0.3035714285714285,1.1102230246251563e-16,0.0405121475280923,0.0288897476921139,0.3470959595959596,1.9684210526315788,0.588596491228071,0.2141240380262561,0.0494573401701904,0.0328844011387124,0.3941397491397491,1.8104575163398693,0.5105263157894742,0.2279311905839746,0.2286562080798493,0.1188724671959684,0.2125865800865801,1.7426470588235294,0.4710526315789473,0.1704391127206881,0.0216361515095965,0.0179533460766725,0.421547619047619,2.2526315789473683,0.5539473684210533,0.2729741964689905,0.0187014197385981,0.0162480556228939,0.303961038961039,1.9150326797385624,0.499561403508772,0.1758714350384789,0.0599370565993774,0.2136323687379968,0.303531746031746,1.8496732026143792,0.505263157894737,0.2064282480760524,1.2213224592792655e-11,1.4017785976125961e-12,1.1984004425100485e-13
0.029185480383358,0.0179705749666423,3.25510237296963e-05,0.0,2.821428571428572,0.5035714285714284,0.3775510204081632,0.0341633273313814,0.0267623358399305,0.4042243867243867,1.894736842105263,0.5482456140350885,0.1763241285649615,0.04196854885823,0.0352324745623486,0.3703513153513152,2.0052631578947366,0.5837719298245616,0.2055228610230874,0.167974418321772,0.1022692157387526,0.2336976911976911,1.8562091503267972,0.504824561403509,0.1412403802625622,0.0195455191802624,0.0135322085672084,0.4073015873015873,2.0842105263157893,0.5723684210526321,0.2605251244907197,0.0239832516416851,0.0225657385435618,0.2758297258297258,2.0052631578947366,0.5842105263157902,0.2166138524219104,0.037782487206591,0.1575144038280004,0.2623809523809523,1.894736842105263,0.5482456140350883,0.2621095518334088,1.1247421305082531e-11,1.275880355018229e-12,1.3268706237237945e-13
0.0529593530716541,0.033676778154565,0.0062823475798313,0.3125,1.6666666666666667,0.3809523809523809,0.2040816326530612,0.0548637225693379,0.0423765662340266,0.3129242979242979,1.8128654970760236,0.5605263157894741,0.2066545948392937,0.0450682629231847,0.0320767430600242,0.2992460317460317,2.068421052631579,0.5745614035087728,0.2546401086464464,0.212132794471123,0.1312752879622703,0.1401587301587301,1.8496732026143792,0.505263157894737,0.1754187415119963,0.0410440997843066,0.038308132830854,0.3401082251082251,1.8562091503267972,0.5043859649122812,0.1824354911724762,0.0217603593633019,0.0173563844826787,0.3085930735930736,1.912280701754386,0.5456140350877194,0.2204617473970122,0.0687731176513922,0.2987207447674229,0.1823015873015873,1.6416666666666666,0.4359649122807017,0.1278859212313264,1.5460045619639414e-12,1.044025515211697e-12,2.596455074639309e-13
0.0723376750198793,0.0548935813854085,0.0013345919729175,0.3583333333333333,1.5333333333333334,0.3928571428571428,0.0714285714285714,0.0393877666399976,0.029638896104686,0.2818253968253968,1.9883040935672516,0.5342105263157898,0.2495274102079395,0.0763701839475483,0.0520333147884951,0.2498809523809524,1.9707602339181287,0.5381578947368426,0.2664101403349932,0.1091620852528443,0.0791415516603077,0.3598809523809524,1.803921568627451,0.5118421052631579,0.1674966047985513,0.0378698610071286,0.0351914272273139,0.3142307692307692,1.7426470588235294,0.4710526315789473,0.0941602535083748,0.0199357888226637,0.0168031124835361,0.2817063492063492,2.0473684210526315,0.5767543859649127,0.2256677229515618,0.052732658442108,0.193776244262882,0.2819780219780219,1.947368421052632,0.5934210526315791,0.2406066093254866,2.2280496690690434e-10,2.3241405572377246e-10,4.934018519420477e-12
0.1457704594809506,0.0775480992675709,0.0093421438104228,0.1875,1.6,0.3869047619047619,0.1224489795918366,0.0892686127610292,0.0598803195562648,0.3153571428571429,1.9044117647058825,0.4543859649122807,0.1754187415119963,0.145628311852513,0.1207045203333467,0.1803571428571428,1.9411764705882355,0.4929824561403511,0.2100661625708884,0.1281801065275082,0.0974515401760523,0.2558008658008658,1.8308823529411764,0.4701754385964913,0.2197827071072883,0.025413612152839,0.0198287559162188,0.3992460317460317,1.947368421052632,0.5412280701754392,0.2326844726120416,0.0287297048650074,0.0234351948340837,0.284484126984127,1.862745098039216,0.5035087719298247,0.2075599818922589,0.0738932223628959,0.348979525406074,0.2015079365079365,1.8235294117647056,0.5092105263157897,0.21480307831598,8.560529839836774e-12,1.7954759382893664e-11,8.429919638300224e-13
0.1459053137221165,0.0775614618081519,0.0092770417629634,0.1875,1.6,0.3869047619047619,0.1224489795918366,0.0892367470220096,0.0599493696012977,0.3340873015873016,1.8676470588235292,0.4578947368421052,0.1382978723404255,0.1456313956337084,0.120731830626906,0.1836904761904762,1.9281045751633987,0.4964912280701756,0.2197827071072883,0.128220880967759,0.0975177105955008,0.2558008658008658,1.8308823529411764,0.4701754385964913,0.2197827071072883,0.0255698570667415,0.0198717940831436,0.3669841269841269,1.912280701754386,0.5456140350877199,0.2342688999547306,0.0286036124783492,0.0235957948400728,0.2448809523809523,1.8823529411764703,0.4995614035087722,0.2249527410207939,0.0738394275131531,0.3487842192636958,0.2015079365079365,1.8235294117647056,0.5092105263157897,0.21480307831598,8.525847571939441e-12,1.7879635408495988e-11,8.396837351382573e-13
0.1176254493203811,0.0905488761041451,0.0009439796881611,0.0,1.6666666666666667,0.3809523809523809,0.1224489795918366,0.0714589197514472,0.0456420027435962,0.2312987012987013,1.8366013071895424,0.5070175438596491,0.1880941602535084,0.1616620895358737,0.1089492786070275,0.2721428571428571,2.0116959064327484,0.5328947368421055,0.3033046627433228,0.1364470386277858,0.0907013994770589,0.3838888888888889,2.0526315789473686,0.5276315789473688,0.3078315980081484,0.0449913397144761,0.0301224540557467,0.2461904761904762,1.9415204678362568,0.5425438596491234,0.1770031688546853,0.0229996967615157,0.0234408622871967,0.3742857142857143,2.0210526315789474,0.5798245614035089,0.2915346310547759,0.0704044379037825,0.2970280915334787,0.1957539682539682,1.95906432748538,0.5399122807017545,0.1998641919420552,4.202934244210992e-11,2.018298428085586e-11,6.264911286555251e-13
0.0923333038824071,0.0477366454187525,0.0028319390644835,0.0,2.0,0.4613095238095237,0.2244897959183673,0.0654191629589908,0.0629393047401785,0.3650252525252525,2.0631578947368423,0.5745614035087728,0.2030330466274332,0.0763768654734717,0.0501316378967535,0.3242640692640692,1.7352941176470589,0.4723684210526317,0.1514259846084201,0.0807236263896288,0.0552741407302104,0.2832875457875458,1.75,0.4701754385964916,0.1484834766862833,0.0346140733494489,0.0286745059166287,0.3283585858585858,1.976608187134503,0.5385964912280705,0.1980534178361249,0.0164893206943989,0.013598678329559,0.3838167388167388,1.9684210526315788,0.5877192982456149,0.2363060208239022,0.0176313476637787,0.082842355392077,0.2350396825396825,1.9883040935672516,0.5350877192982463,0.2691398865784499,6.653474117316243e-12,1.7027929825529566e-12,2.936052744849457e-13
0.0555599473603444,0.0342918504578679,0.000748673545783,0.2083333333333333,2.2857142857142856,0.4386904761904761,0.3163265306122449,0.1378287439245227,0.0786763588133419,0.2608333333333333,1.7,0.4298245614035089,0.1650067904028972,0.0649411768736968,0.0418062927279627,0.3396031746031746,1.9673202614379084,0.4931578947368422,0.1758714350384789,0.0729369075499529,0.0543007639818055,0.3909487734487734,1.6916666666666669,0.4307017543859651,0.1342236306020824,0.0297519783312974,0.0274521008495578,0.2788492063492063,1.934640522875817,0.492543859649123,0.1637523629489602,0.0203450751157702,0.0148790961873982,0.1359523809523809,2.0473684210526315,0.5767543859649126,0.1835672249886826,0.0529265940150659,0.2096611438429738,0.2880555555555555,1.9883040935672516,0.5346491228070184,0.2107288365776369,6.4755443922816026e-12,1.2910557804707086e-12,2.358541783378815e-13
0.1035564318497817,0.0566399011983655,0.0017903063051332,0.0,2.2142857142857144,0.5535714285714284,0.3571428571428571,0.0459980229536113,0.0401516177972238,0.2272619047619047,2.0526315789473686,0.5745614035087727,0.2573251417769376,0.0852516451116071,0.0533397125917933,0.3451984126984127,1.8496732026143792,0.505701754385965,0.1894522408329561,0.1171360581395548,0.0755816662994816,0.4073881673881674,1.7794117647058822,0.4671052631578949,0.1604798551380715,0.0305911094588135,0.024573200785366,0.2032503607503607,2.026315789473684,0.5802631578947373,0.1971480307831598,0.0163783045713629,0.011955654750386,0.3797727272727272,1.973684210526316,0.5872807017543865,0.2913082842915346,0.03995860880351,0.1339474626477002,0.2210714285714285,1.9947368421052631,0.583333333333334,0.2387958352195563,2.330503725394137e-12,9.433913667270812e-13,2.100563012592553e-13
0.0936120941003594,0.0651658050352937,0.0038084697763744,0.1875,2.0476190476190474,0.4583333333333333,0.2142857142857142,0.0737846047363452,0.0505167323653979,0.4238383838383838,1.95906432748538,0.5394736842105265,0.1921684019918515,0.0865576264478781,0.0645197387100692,0.3799908424908425,1.7973856209150327,0.5122807017543861,0.1509732910819375,0.0545286183460996,0.0385944914805246,0.4131673881673882,1.7279411764705883,0.4728070175438598,0.1844726120416478,0.0267798985435986,0.0225349396495753,0.3973840048840048,1.8771929824561404,0.5513157894736848,0.1930737890448166,0.0178675995675853,0.0140453518260887,0.3498015873015873,2.057894736842105,0.5750000000000007,0.2894975101856043,0.077851426848427,0.2960515608215878,0.2552777777777778,1.8830409356725144,0.5504385964912283,0.1810774105930285,5.8089362922439575e-12,1.635858704558001e-12,1.843477921802317e-13
0.0625770180472175,0.0446183095379009,0.0111650011392858,0.0,2.4285714285714284,0.5309523809523807,0.3571428571428571,0.1351040519171696,0.088382686511607,0.2423629148629148,1.9707602339181287,0.5372807017543866,0.1831145314622001,0.0663859283637628,0.0467315876889326,0.2753174603174603,2.146198830409357,0.5178947368421059,0.1724762335898596,0.0839278463728736,0.05682643324967,0.3330988455988456,1.7166666666666666,0.4263157894736841,0.1188563327032136,0.0351004541724416,0.0273123772855793,0.3289682539682539,1.8529411764705883,0.4587719298245615,0.1767768220914441,0.0233954486815978,0.0176261806302649,0.2967460317460317,1.976608187134503,0.5372807017543866,0.2224988682661837,0.0459236695625656,0.1500927704176296,0.3433699633699633,1.8830409356725144,0.5500000000000005,0.2220461747397012,1.489955719054029e-11,3.6301839333629402e-12,2.5868333964970844e-13
0.0643126851339474,0.0451029280206841,0.0035480615865368,0.0,2.095238095238096,0.4523809523809523,0.2244897959183673,0.0894102953748421,0.0661702813043358,0.2438095238095237,1.7720588235294117,0.4675438596491229,0.1566319601629696,0.0863282273911725,0.0549567061952482,0.3410064935064935,1.75,0.424561403508772,0.1324128564961521,0.0479726708457612,0.0372437344170733,0.2816269841269841,1.9707602339181287,0.5377192982456142,0.2564508827523766,0.0226012037025932,0.0197608694882384,0.3287301587301587,1.9842105263157892,0.5859649122807017,0.2419646899049343,0.0329197069037294,0.0285546298584709,0.2261904761904762,1.947368421052632,0.5421052631578951,0.2392485287460389,0.032396492027569,0.1230754207219817,0.2673809523809524,1.9415204678362568,0.5416666666666669,0.2598460842009959,5.6322716348119465e-12,2.4486939879376404e-12,3.293522497640632e-13
0.0325463735834491,0.0222570291374273,0.0006184694508642,0.0,1.6666666666666667,0.3333333333333333,0.4897959183673469,0.049513362195241,0.0354061353477065,0.2679004329004329,1.947368421052632,0.5912280701754391,0.2811226799456768,0.0396923756936366,0.0330770553133378,0.3531135531135531,1.894736842105263,0.549122807017544,0.2224988682661837,0.2606512945884779,0.1352971703824856,0.1443867243867243,1.954248366013072,0.4951754385964916,0.1541421457673155,0.0397872876259853,0.0271786423173376,0.2659054834054833,1.9298245614035088,0.5438596491228077,0.1937528293345405,0.019726263022551,0.0159119887567286,0.328452380952381,1.9789473684210528,0.5877192982456148,0.2304210049796287,0.1000878877640701,0.3278864620292308,0.238095238095238,1.9947368421052631,0.5837719298245623,0.2842915346310547,3.78796649538589e-09,2.2527561483707007e-09,2.9366609094871456e-11
0.0672969164880235,0.0302355063981374,0.0034178574916181,0.0,1.9047619047619049,0.4702380952380952,0.2244897959183673,0.0657904159506869,0.0510504001040933,0.3118831168831169,1.7794117647058822,0.4666666666666666,0.1541421457673155,0.0549617182828821,0.0366243041126315,0.2558730158730159,1.8496732026143792,0.5057017543859651,0.2204617473970122,0.2562007130387408,0.1372192263117471,0.3317748917748918,1.7794117647058822,0.4675438596491229,0.1962426437301946,0.0369445553273176,0.0261289632660874,0.36,1.976608187134503,0.5385964912280706,0.2412856496152105,0.0250332791387341,0.01981183891869,0.2964357864357864,2.0,0.5837719298245618,0.2358533272974196,0.0813265056133383,0.2659744148953484,0.336518759018759,1.8235294117647056,0.5092105263157894,0.1939791760977818,3.801625662769109e-12,4.499603251601557e-13,4.207034919438171e-13
0.0445856022171897,0.0309642786238344,0.0017252042576739,0.3333333333333333,1.6,0.3869047619047619,0.0714285714285714,0.0536608765819369,0.0467369063883375,0.2208730158730159,2.094736842105263,0.5701754385964918,0.2990040742417383,0.0424275182928187,0.0326348826304938,0.2163888888888888,2.068421052631579,0.5741228070175451,0.2261204164780443,0.2828851856864582,0.1530162253975718,0.0948809523809523,1.843137254901961,0.5070175438596494,0.1568583069262109,0.0341857704056371,0.0264132255747533,0.2158008658008658,1.8888888888888888,0.5495614035087721,0.1939791760977818,0.0253003688544952,0.0241631583715713,0.398015873015873,2.0631578947368423,0.5741228070175447,0.2428700769578995,0.0590074678901283,0.2029556329546564,0.2882539682539682,1.8235294117647056,0.5087719298245613,0.2166138524219104,4.8935843629327895e-12,3.64086558980771e-13,3.160093425237831e-13
0.051880519142327,0.0281212265269444,0.0064125516747501,0.1791666666666666,1.809523809523809,0.4821428571428572,0.2040816326530612,0.0367105305988189,0.0283811894742168,0.2817857142857142,1.95906432748538,0.5394736842105267,0.21480307831598,0.0573250939268355,0.035076513867243,0.2481746031746032,1.976608187134503,0.5377192982456143,0.2084653689452241,0.2323791885886389,0.1378136514359939,0.2643578643578643,1.675,0.4324561403508771,0.1070620190131281,0.0602031183880733,0.0393228463544932,0.2893650793650794,1.6583333333333334,0.4342105263157895,0.1115889542779538,0.0221341821726609,0.0162846977332036,0.1735714285714285,1.908496732026144,0.4978070175438602,0.1482571299230421,0.071516654988273,0.2797760489567397,0.3977705627705628,1.906432748538012,0.5473684210526315,0.1611588954277953,4.294501640255109e-12,1.5594073704083196e-12,4.2019191413341064e-13
0.0411363562384037,0.0283220999269585,0.0013345919729175,0.1875,2.0,0.4613095238095238,0.2142857142857142,0.049087286426737,0.0345227373097821,0.2230555555555556,2.0116959064327484,0.5337719298245618,0.2066545948392938,0.0551940297996056,0.0367096783844184,0.3989285714285714,2.0,0.5346491228070183,0.3051154368492531,0.134805439104744,0.1099156993317642,0.4293253968253968,1.6985294117647058,0.4763157894736843,0.1154368492530556,0.042104063909652,0.0355953503550961,0.4903571428571428,1.931578947368421,0.5947368421052636,0.2741059302851969,0.0277984029439831,0.0244411234620291,0.3464285714285714,1.9789473684210528,0.5899122807017543,0.211634223630602,0.0487480704952381,0.290778294977377,0.3277838827838828,1.8235294117647056,0.5087719298245615,0.1717971933001358,7.602051118940962e-12,8.024787460907773e-12,7.37502555414849e-13
0.0637453672918013,0.039738670766244,0.0034178574916181,0.2583333333333333,1.6666666666666667,0.5,0.1224489795918366,0.0561525717878564,0.0422478918160478,0.369484126984127,2.0994152046783627,0.523684210526316,0.2175192394748755,0.0487167187197511,0.0407116747825334,0.3767965367965368,1.7894736842105263,0.5640350877192984,0.1794929832503395,0.0811001903378282,0.0609818170228198,0.5034415584415585,1.9239766081871343,0.5478070175438596,0.1206428248076052,0.0560043789692975,0.0376953889679025,0.6648484848484849,1.8596491228070176,0.5535087719298248,0.2501131733816207,0.0227852026472548,0.0260035244559108,0.4274725274725274,2.0210526315789474,0.5820175438596492,0.2917609778180172,0.0445291151775144,0.1936460401679632,0.2533730158730159,1.935672514619883,0.5429824561403511,0.2197827071072883,1.4376242908705587e-11,3.854026796527657e-12,2.355574904562408e-13
0.0757020558296558,0.0430027238602127,0.0017252042576739,0.4791666666666666,1.3,0.3035714285714285,0.0306122448979591,0.0529829586824716,0.0419070675868588,0.4784781884781884,1.8362573099415205,0.5570175438596493,0.1641014033499321,0.0599740619737227,0.0405396212589266,0.3631288156288156,1.7973856209150327,0.5157894736842106,0.1880941602535083,0.1294800916225657,0.0803085766358704,0.5772283272283273,1.95906432748538,0.5416666666666666,0.1518786781349026,0.0666014504050889,0.0425366302864585,0.3192857142857143,1.8014705882352944,0.4644736842105262,0.1312811226799456,0.022821180094535,0.0173489170478578,0.312034632034632,1.9707602339181287,0.5364035087719295,0.2143194706994328,0.0605055002664044,0.2385013508674847,0.3048809523809523,1.894736842105263,0.5482456140350879,0.2408329560887279,7.872974031746696e-10,1.2407757615576074e-09,1.0945712609155991e-11
0.1066790050547089,0.061077529939107,0.0069984701018847,0.0,1.6,0.3869047619047618,0.0714285714285714,0.0485359748774625,0.0359866490381966,0.2907936507936508,1.9415204678362568,0.5412280701754393,0.2904028972385695,0.0874550067757525,0.0592714083734779,0.4258072483072483,1.7450980392156863,0.5192982456140351,0.1856043458578542,0.0867686941385885,0.0524618666894267,0.3471428571428571,1.906432748538012,0.5478070175438599,0.1690810321412403,0.0632913539341338,0.0421179874501322,0.2843253968253968,1.8455882352941175,0.4600877192982457,0.1758714350384789,0.0188895303915202,0.0156990278912621,0.3586183261183261,1.8830409356725144,0.5500000000000003,0.2451335445903123,0.0071821264041912,0.0306305133296442,0.2594047619047619,1.8954248366013071,0.5000000000000003,0.208465368945224,2.4658424897914928e-12,4.200835454889935e-13,2.275483852914173e-13
0.0604426009197989,0.0468493289413178,0.000748673545783,0.3583333333333333,1.5333333333333334,0.3928571428571428,0.0714285714285714,0.0638801848212863,0.0455321802938821,0.2197619047619047,1.9883040935672516,0.5359649122807022,0.2215934812132186,0.0473276466123806,0.0390741581274487,0.4404487179487179,1.894736842105263,0.6004385964912282,0.192621095518334,0.0613286985244107,0.0436009824164678,0.358437950937951,1.8104575163398693,0.5105263157894742,0.2138976912630149,0.0542327466725144,0.0338604071903387,0.3785714285714285,1.8888888888888888,0.5004385964912283,0.200543232231779,0.0161331439663251,0.0135135098774829,0.2686904761904761,2.1,0.5675438596491234,0.2733931947069943,0.066422248453398,0.2187754304872888,0.4121933621933622,1.9941520467836256,0.5364035087719302,0.205296514259846,1.570476416871128e-09,1.2737987471647035e-09,1.5737900385922137e-11
0.0655286983775639,0.0369013509659561,0.002571530874646,0.3125,1.6666666666666667,0.3809523809523809,0.2040816326530612,0.056521083640712,0.0438532223644858,0.3483028083028083,1.912280701754386,0.5464912280701758,0.23064735174287,0.0591255081814428,0.0429202395175237,0.3788564213564213,1.9150326797385624,0.4973684210526322,0.1754187415119963,0.1665462849859259,0.0899956738180728,0.1924350649350649,1.816993464052288,0.5096491228070178,0.1487098234495246,0.0687037325744947,0.0510734634603006,0.2916738816738817,1.947368421052632,0.591666666666667,0.2224988682661837,0.0558870239626931,0.038280369877201,0.4366575091575091,1.894736842105263,0.5482456140350881,0.1779085559076505,0.0612195669343274,0.2075778783242733,0.3101984126984127,1.935672514619883,0.5429824561403511,0.2143503847894975,1.2138657890561934e-10,6.739548461204058e-10,4.703450611580736e-12
0.056135402958423,0.0346586409441664,0.0083656130985319,0.3583333333333333,1.5333333333333334,0.3928571428571428,0.0714285714285714,0.0359219392186726,0.0281823311741361,0.2028571428571428,1.9789473684210528,0.5868421052631586,0.2494341330918967,0.0577792663684536,0.0415272891317029,0.3642857142857142,1.954248366013072,0.4934210526315792,0.2105024898143956,0.0441314787244795,0.0399093771441115,0.3831313131313131,1.9215686274509804,0.4973684210526319,0.1738343141693073,0.0528251718779713,0.0422598538538626,0.357063492063492,1.9824561403508767,0.5364035087719301,0.2166138524219104,0.0520684462368446,0.0445858383102244,0.4548959373959373,1.8496732026143792,0.5070175438596494,0.216387505658669,0.0459099638683636,0.1688421600859347,0.2538492063492063,1.8304093567251465,0.5578947368421056,0.2587143503847894,4.3404827045868026e-12,2.70767409964999e-13,6.373304227044449e-13
0.0369988886150469,0.0293224154869817,0.0002278571661078,0.2916666666666667,1.9523809523809523,0.4642857142857141,0.3571428571428571,0.0494868074127247,0.0323352493194599,0.2306277056277056,1.9649122807017545,0.5385964912280709,0.2100497962879131,0.063393290034761,0.0490434545821833,0.4677272727272727,1.7973856209150327,0.5122807017543861,0.1840199185151652,0.0507396791839629,0.0406997288514051,0.4263095238095238,1.9298245614035088,0.5451754385964915,0.2360796740606609,0.0644280699470103,0.041621124728288,0.2738492063492063,1.843137254901961,0.5061403508771934,0.1799456767768221,0.0200596540340141,0.0144354840264598,0.245,2.0526315789473686,0.576315789473685,0.2865550022634676,0.0371496267768147,0.1554962403567592,0.3751984126984127,2.087719298245614,0.5272807017543862,0.2324581258488003,4.753401853423544e-12,2.0413366097382938e-13,2.0843854292632961e-13
0.051462005980088,0.0476720966738453,0.0042641841085902,0.1875,1.6,0.3869047619047619,0.1224489795918366,0.0517941610316276,0.0391004455223889,0.159047619047619,2.026315789473684,0.5802631578947383,0.2356269805341783,0.0522565568897668,0.0370415997479143,0.2811255411255411,1.8562091503267972,0.5043859649122807,0.1772295156179266,0.066460110433631,0.0483488382857404,0.4431379731379731,1.9157894736842105,0.5964912280701757,0.1785875961973743,0.070902811209202,0.0471998773370948,0.3009523809523809,1.8602941176470589,0.4578947368421052,0.1188320507016749,0.0387124185581952,0.0378713153281718,0.4719246031746033,1.9526315789473685,0.5916666666666671,0.2125396106835672,0.0692661800003083,0.3167540119136747,0.3987301587301587,2.0233918128654973,0.5315789473684215,0.2976459936622906,1.463385786828292e-11,3.8377087454840244e-13,1.9613674935584065e-13
0.0543067329467511,0.0385723943204829,0.0042316330848605,0.0,1.9285714285714288,0.5952380952380951,0.1938775510204082,0.0581991745745666,0.0347248239130789,0.2629365079365079,2.068421052631579,0.5741228070175443,0.2634676324128565,0.0543516435697165,0.0428742948534051,0.454098124098124,1.95906432748538,0.5403508771929827,0.2125396106835672,0.0593883148677657,0.0467932489368913,0.3194696969696969,1.6833333333333331,0.4315789473684209,0.1102308736985061,0.0818985470250934,0.0534176344734658,0.2681132756132756,1.6666666666666667,0.4333333333333333,0.1057039384336804,0.0268030269025645,0.0234776561858044,0.4956617647058824,1.8128654970760236,0.5605263157894737,0.2186509732910819,0.0811202349155986,0.2510009439796881,0.2413095238095238,1.9824561403508767,0.5381578947368425,0.2317790855590765,4.503106324210538e-12,2.1029322336587479e-13,1.392131639651407e-13
0.0534871446706998,0.0447025372545197,0.0001627551186484,0.0,1.809523809523809,0.4821428571428571,0.2040816326530612,0.1051110246890948,0.0631384494098472,0.2203968253968253,1.8830409356725144,0.5508771929824562,0.1792666364870982,0.0455806845651611,0.0387879315912882,0.3952380952380953,2.0473684210526315,0.5789473684210533,0.2012222725215029,0.0633365827250003,0.0425217795651311,0.3153246753246753,2.0116959064327484,0.5342105263157899,0.2392485287460389,0.0740583759780297,0.0484071681556031,0.2507936507936508,1.9411764705882355,0.4947368421052635,0.1822091444092349,0.0651587547691532,0.0424081874221243,0.298968253968254,2.0116959064327484,0.5337719298245619,0.2265731100045269,0.0426346455964461,0.1887633866085088,0.3707142857142856,1.906432748538012,0.5464912280701758,0.2532820280669986,2.439750528982972e-10,6.132636475384679e-11,3.883568967194005e-12
0.066245983436179,0.0427054639875675,0.0015298981152957,0.3583333333333333,1.5333333333333334,0.3928571428571428,0.0714285714285714,0.0510567946835612,0.0386618172022175,0.3392352092352092,1.935672514619883,0.5425438596491229,0.1953372566772295,0.0719139487989528,0.047443701972958,0.5012121212121211,2.042105263157895,0.5785087719298255,0.2329108193752829,0.1533471875058891,0.1129546808798412,0.2648809523809524,1.6833333333333331,0.4315789473684211,0.1321865097329108,0.0429933921421828,0.0333909060114933,0.321504329004329,1.9298245614035088,0.542982456140351,0.2374377546401085,0.0321271751365001,0.022242856001634,0.298517316017316,1.869281045751634,0.5035087719298247,0.1926210955183341,0.0532288045722195,0.1836203248592168,0.2877489177489177,1.8235294117647056,0.462280701754386,0.1364870982344952,6.25822965097266e-12,1.654685260139188e-12,6.786802145257519e-13
0.0583988616441987,0.0412816515703974,0.0032225513492399,0.5,1.3,0.3035714285714285,1.1102230246251563e-16,0.0409490165307804,0.0285292607457316,0.3646428571428571,2.036842105263158,0.5780701754385968,0.2763693979176098,0.0718524444962215,0.0490910610410415,0.2097366522366522,1.8758169934640525,0.5008771929824563,0.1474480151228733,0.2191751227944539,0.1168460217351727,0.2565440115440115,1.8014705882352944,0.4644736842105262,0.1145314622000905,0.0469087663333327,0.0373910201304125,0.3571031746031746,1.725,0.4271929824561402,0.1468990493435944,0.0423082787532615,0.0314187214677157,0.3892929292929292,1.9005847953216373,0.5456140350877196,0.261578449905482,0.0773055975768332,0.2417564532404544,0.5711377511377511,1.9052631578947368,0.5982456140350882,0.279764599366229,5.296860312915961e-10,2.410386340020814e-10,6.0825632919199824e-12
